"id","n","EIN","TYPE"
1,"500",7.31345759057209,"IV"
2,"500",4.82724718205098,"IV"
3,"500",4.94630911773755,"IV"
4,"500",9.76455333500732,"IV"
5,"500",NA,"IV"
6,"500",NA,"IV"
7,"500",5.21181293387827,"IV"
8,"500",NA,"IV"
9,"500",NA,"IV"
10,"500",8.138826088955,"IV"
11,"500",3.63283053853298,"IV"
12,"500",5.14053612331635,"IV"
13,"500",3.57118539249314,"IV"
14,"500",NA,"IV"
15,"500",7.00209875658458,"IV"
16,"500",8.45490058041218,"IV"
17,"500",3.9980698287107,"IV"
18,"500",5.18599061024466,"IV"
19,"500",3.84866699450268,"IV"
20,"500",3.26646576750834,"IV"
21,"500",6.45375807053841,"IV"
22,"500",4.96441249389103,"IV"
23,"500",4.91889892410455,"IV"
24,"500",5.72532714371438,"IV"
25,"500",NA,"IV"
26,"500",5.3558254826125,"IV"
27,"500",7.21931586487082,"IV"
28,"500",NA,"IV"
29,"500",NA,"IV"
30,"500",7.60542839738034,"IV"
31,"500",4.80169018013178,"IV"
32,"500",NA,"IV"
33,"500",4.66691715475766,"IV"
34,"500",NA,"IV"
35,"500",4.96932555113709,"IV"
36,"500",3.08814518232682,"IV"
37,"500",4.64896225244349,"IV"
38,"500",NA,"IV"
39,"500",8.73628147629278,"IV"
40,"500",3.68535361413218,"IV"
41,"500",8.20773473760728,"IV"
42,"500",3.06563106200701,"IV"
43,"500",4.46107263767901,"IV"
44,"500",6.99432377039593,"IV"
45,"500",3.80246913580233,"IV"
46,"500",7.71609954820563,"IV"
47,"500",3.41176470588241,"IV"
48,"500",4.82503440978042,"IV"
49,"500",NA,"IV"
50,"500",NA,"IV"
1,"1000",4.73622262639995,"IV"
2,"1000",5.45749344596536,"IV"
3,"1000",8.18269084360411,"IV"
4,"1000",7.53604852789874,"IV"
5,"1000",8.98432666272693,"IV"
6,"1000",NA,"IV"
7,"1000",3.48837209302332,"IV"
8,"1000",6.33467906801169,"IV"
9,"1000",3.5054235393459,"IV"
10,"1000",3.94139185181607,"IV"
11,"1000",7.62854236501987,"IV"
12,"1000",NA,"IV"
13,"1000",3.43498579910906,"IV"
14,"1000",3.49704142011829,"IV"
15,"1000",3.65279756065944,"IV"
16,"1000",5.34932160927762,"IV"
17,"1000",9.53167994934009,"IV"
18,"1000",NA,"IV"
19,"1000",NA,"IV"
20,"1000",9.63829377153649,"IV"
21,"1000",5.38963559531275,"IV"
22,"1000",4.05792010875213,"IV"
23,"1000",4.35007468912727,"IV"
24,"1000",5.6082615435571,"IV"
25,"1000",5.2277154497455,"IV"
26,"1000",3.57584514112192,"IV"
27,"1000",3.38150289017329,"IV"
28,"1000",3.48022598870064,"IV"
29,"1000",4.66740815942888,"IV"
30,"1000",8.36336879265658,"IV"
31,"1000",7.95779165467726,"IV"
32,"1000",NA,"IV"
33,"1000",7.41110902267117,"IV"
34,"1000",5.20058795568861,"IV"
35,"1000",NA,"IV"
36,"1000",8.70316205614061,"IV"
37,"1000",4.90112884004751,"IV"
38,"1000",8.6706823689177,"IV"
39,"1000",5.66695389201471,"IV"
40,"1000",7.58605526279506,"IV"
41,"1000",4.79244608715302,"IV"
42,"1000",8.91922952130742,"IV"
43,"1000",NA,"IV"
44,"1000",9.60308299030654,"IV"
45,"1000",7.18205853175918,"IV"
46,"1000",NA,"IV"
47,"1000",4.1402450282318,"IV"
48,"1000",8.34626077704211,"IV"
49,"1000",7.31529524492545,"IV"
50,"1000",3.46174336845738,"IV"
1,"2000",6.03542976607272,"IV"
2,"2000",NA,"IV"
3,"2000",8.43043681775702,"IV"
4,"2000",6.57585073437995,"IV"
5,"2000",4.80462487130588,"IV"
6,"2000",4.52284893390484,"IV"
7,"2000",NA,"IV"
8,"2000",NA,"IV"
9,"2000",4.57847965545373,"IV"
10,"2000",6.11231728194348,"IV"
11,"2000",6.3486721611942,"IV"
12,"2000",5.1029548584045,"IV"
13,"2000",NA,"IV"
14,"2000",5.0692640031855,"IV"
15,"2000",6.84586132526692,"IV"
16,"2000",6.65349586255637,"IV"
17,"2000",6.3459379701726,"IV"
18,"2000",4.71700791449814,"IV"
19,"2000",5.85682614060197,"IV"
20,"2000",5.98735626308704,"IV"
21,"2000",9.11245121272733,"IV"
22,"2000",9.87229852320151,"IV"
23,"2000",4.44882909934785,"IV"
24,"2000",4.87093427798701,"IV"
25,"2000",NA,"IV"
26,"2000",6.05243291133416,"IV"
27,"2000",5.1548155488236,"IV"
28,"2000",8.85754242150758,"IV"
29,"2000",6.08755313540555,"IV"
30,"2000",NA,"IV"
31,"2000",NA,"IV"
32,"2000",NA,"IV"
33,"2000",4.17168558707265,"IV"
34,"2000",3.40607569007564,"IV"
35,"2000",6.80068653159976,"IV"
36,"2000",NA,"IV"
37,"2000",5.71995016680522,"IV"
38,"2000",5.29314871464578,"IV"
39,"2000",6.10679502972642,"IV"
40,"2000",6.72564591757407,"IV"
41,"2000",3.55287009063454,"IV"
42,"2000",5.71318805924103,"IV"
43,"2000",5.24825416328964,"IV"
44,"2000",4.26010691490224,"IV"
45,"2000",9.49317513738746,"IV"
46,"2000",6.36213687239523,"IV"
47,"2000",4.62899281049823,"IV"
48,"2000",7.75001472747483,"IV"
49,"2000",NA,"IV"
50,"2000",NA,"IV"
1,"4000",4.79973684736374,"IV"
2,"4000",NA,"IV"
3,"4000",7.59980503792375,"IV"
4,"4000",NA,"IV"
5,"4000",NA,"IV"
6,"4000",5.3215051692289,"IV"
7,"4000",NA,"IV"
8,"4000",5.27756395427429,"IV"
9,"4000",NA,"IV"
10,"4000",8.63319600885778,"IV"
11,"4000",5.88544757110142,"IV"
12,"4000",9.04627371783427,"IV"
13,"4000",5.33250836234506,"IV"
14,"4000",5.81432016244622,"IV"
15,"4000",5.15595733192161,"IV"
16,"4000",6.53928006348196,"IV"
17,"4000",6.40062970191324,"IV"
18,"4000",NA,"IV"
19,"4000",7.74213541736875,"IV"
20,"4000",6.13800722655263,"IV"
21,"4000",7.00795356683134,"IV"
22,"4000",6.35499843202115,"IV"
23,"4000",8.07835049136844,"IV"
24,"4000",5.25183174201916,"IV"
25,"4000",6.76126308044773,"IV"
26,"4000",6.98261980400298,"IV"
27,"4000",7.90298030897931,"IV"
28,"4000",6.7623701141032,"IV"
29,"4000",7.56099701809042,"IV"
30,"4000",7.54322068977873,"IV"
31,"4000",5.26627662054006,"IV"
32,"4000",4.33616893418587,"IV"
33,"4000",5.22806309223213,"IV"
34,"4000",6.89516432360783,"IV"
35,"4000",5.39971375466314,"IV"
36,"4000",6.14325182369585,"IV"
37,"4000",5.00683955696636,"IV"
38,"4000",6.39071463145196,"IV"
39,"4000",7.29990485371656,"IV"
40,"4000",5.53921853161083,"IV"
41,"4000",8.54378258233385,"IV"
42,"4000",5.74316026835805,"IV"
43,"4000",6.50226822991439,"IV"
44,"4000",7.73613662716841,"IV"
45,"4000",7.49796421712519,"IV"
46,"4000",7.06611003021025,"IV"
47,"4000",5.98087129113545,"IV"
48,"4000",8.73351905873634,"IV"
49,"4000",8.25425479333056,"IV"
50,"4000",8.69214024885838,"IV"
1,"500",-1.65655761691636,"Unadjusted"
2,"500",-1.62703727583352,"Unadjusted"
3,"500",-1.64053380027022,"Unadjusted"
4,"500",-1.78518462895723,"Unadjusted"
5,"500",-1.64541046098,"Unadjusted"
6,"500",-1.62657883182294,"Unadjusted"
7,"500",-1.96307535279583,"Unadjusted"
8,"500",-1.6627281624637,"Unadjusted"
9,"500",-1.73924288938834,"Unadjusted"
10,"500",-1.83247112193302,"Unadjusted"
11,"500",-1.77510873750707,"Unadjusted"
12,"500",-1.75363925499059,"Unadjusted"
13,"500",-2.05420257425955,"Unadjusted"
14,"500",-1.54987119141026,"Unadjusted"
15,"500",-1.68471447503438,"Unadjusted"
16,"500",-1.78151950871306,"Unadjusted"
17,"500",-1.55931119797213,"Unadjusted"
18,"500",-1.77999378944548,"Unadjusted"
19,"500",-1.64243349295544,"Unadjusted"
20,"500",-1.75881675562966,"Unadjusted"
21,"500",-1.62457057760409,"Unadjusted"
22,"500",-1.85741071511127,"Unadjusted"
23,"500",-1.5813968048306,"Unadjusted"
24,"500",-1.78751712663628,"Unadjusted"
25,"500",-1.69704800762692,"Unadjusted"
26,"500",-1.80373674640341,"Unadjusted"
27,"500",-1.55391181211543,"Unadjusted"
28,"500",-1.57716932117633,"Unadjusted"
29,"500",-1.62475328738114,"Unadjusted"
30,"500",-2.07927007768515,"Unadjusted"
31,"500",-1.81371948055942,"Unadjusted"
32,"500",-1.70499076893088,"Unadjusted"
33,"500",-1.75186977686914,"Unadjusted"
34,"500",-1.659870626403,"Unadjusted"
35,"500",-1.5934233018766,"Unadjusted"
36,"500",-2.26046831244017,"Unadjusted"
37,"500",-1.71684542682677,"Unadjusted"
38,"500",-1.68079167122985,"Unadjusted"
39,"500",-1.87336584843039,"Unadjusted"
40,"500",-1.93887224207654,"Unadjusted"
41,"500",-1.62351587887907,"Unadjusted"
42,"500",-2.12181228515714,"Unadjusted"
43,"500",-1.74797490291585,"Unadjusted"
44,"500",-1.83878236951929,"Unadjusted"
45,"500",-1.65041146229051,"Unadjusted"
46,"500",-1.76964674075694,"Unadjusted"
47,"500",-1.93276537605999,"Unadjusted"
48,"500",-1.87400089969759,"Unadjusted"
49,"500",-1.60438232544173,"Unadjusted"
50,"500",-1.69598691831496,"Unadjusted"
1,"1000",-1.74908669826224,"Unadjusted"
2,"1000",-1.75892072060373,"Unadjusted"
3,"1000",-1.62969466389037,"Unadjusted"
4,"1000",-1.80155951632376,"Unadjusted"
5,"1000",-1.86069307508351,"Unadjusted"
6,"1000",-1.74761662119684,"Unadjusted"
7,"1000",-1.78618020465172,"Unadjusted"
8,"1000",-1.63815824687412,"Unadjusted"
9,"1000",-1.80425422470942,"Unadjusted"
10,"1000",-1.85311453493069,"Unadjusted"
11,"1000",-1.61728571654994,"Unadjusted"
12,"1000",-1.66569376141296,"Unadjusted"
13,"1000",-1.83828172804159,"Unadjusted"
14,"1000",-1.67854277487225,"Unadjusted"
15,"1000",-1.78884472133732,"Unadjusted"
16,"1000",-1.83117891216905,"Unadjusted"
17,"1000",-1.75929514661385,"Unadjusted"
18,"1000",-1.60855226971484,"Unadjusted"
19,"1000",-1.75153584113455,"Unadjusted"
20,"1000",-1.92348229099841,"Unadjusted"
21,"1000",-1.79687412143052,"Unadjusted"
22,"1000",-1.76420537209335,"Unadjusted"
23,"1000",-1.71942970376992,"Unadjusted"
24,"1000",-1.67367493562561,"Unadjusted"
25,"1000",-1.88986448870881,"Unadjusted"
26,"1000",-1.97549406647678,"Unadjusted"
27,"1000",-1.79754946912689,"Unadjusted"
28,"1000",-1.82997825068347,"Unadjusted"
29,"1000",-1.74263580397484,"Unadjusted"
30,"1000",-1.74485954476761,"Unadjusted"
31,"1000",-1.61721468904101,"Unadjusted"
32,"1000",-1.70706527942244,"Unadjusted"
33,"1000",-1.5736482893399,"Unadjusted"
34,"1000",-1.96299095847794,"Unadjusted"
35,"1000",-1.73736570955016,"Unadjusted"
36,"1000",-1.54237908947402,"Unadjusted"
37,"1000",-1.5885220831586,"Unadjusted"
38,"1000",-1.6375117302927,"Unadjusted"
39,"1000",-1.70668026343674,"Unadjusted"
40,"1000",-1.63585322478471,"Unadjusted"
41,"1000",-1.77363166851293,"Unadjusted"
42,"1000",-1.73745354040809,"Unadjusted"
43,"1000",-1.7367358511671,"Unadjusted"
44,"1000",-1.64137378652358,"Unadjusted"
45,"1000",-1.57648571571721,"Unadjusted"
46,"1000",-1.95149272998621,"Unadjusted"
47,"1000",-1.76954123329444,"Unadjusted"
48,"1000",-1.87449969125648,"Unadjusted"
49,"1000",-1.69811763556517,"Unadjusted"
50,"1000",-1.89263037134296,"Unadjusted"
1,"2000",-1.71061856422625,"Unadjusted"
2,"2000",-1.6788536728096,"Unadjusted"
3,"2000",-1.69602702185474,"Unadjusted"
4,"2000",-1.71949389444262,"Unadjusted"
5,"2000",-1.83037557839686,"Unadjusted"
6,"2000",-1.70347279137105,"Unadjusted"
7,"2000",-1.78548244949842,"Unadjusted"
8,"2000",-1.65205219508294,"Unadjusted"
9,"2000",-1.84565142892305,"Unadjusted"
10,"2000",-1.76522102713304,"Unadjusted"
11,"2000",-1.76502439309463,"Unadjusted"
12,"2000",-1.72584016615599,"Unadjusted"
13,"2000",-1.75327109341785,"Unadjusted"
14,"2000",-1.85327845589653,"Unadjusted"
15,"2000",-1.71057944685143,"Unadjusted"
16,"2000",-1.82142523943799,"Unadjusted"
17,"2000",-1.6957280733185,"Unadjusted"
18,"2000",-1.7667560691444,"Unadjusted"
19,"2000",-1.8099013701497,"Unadjusted"
20,"2000",-1.7495140257029,"Unadjusted"
21,"2000",-1.73044167504157,"Unadjusted"
22,"2000",-1.72600472990996,"Unadjusted"
23,"2000",-1.75084967450144,"Unadjusted"
24,"2000",-1.65767227867042,"Unadjusted"
25,"2000",-1.70687766932721,"Unadjusted"
26,"2000",-1.86993866809914,"Unadjusted"
27,"2000",-1.72109667621513,"Unadjusted"
28,"2000",-1.71029531226303,"Unadjusted"
29,"2000",-1.83530579718906,"Unadjusted"
30,"2000",-1.68916445171398,"Unadjusted"
31,"2000",-1.70136925151716,"Unadjusted"
32,"2000",-1.68854595991718,"Unadjusted"
33,"2000",-1.77276904435003,"Unadjusted"
34,"2000",-1.82169319229105,"Unadjusted"
35,"2000",-1.67273646591779,"Unadjusted"
36,"2000",-1.79705643302098,"Unadjusted"
37,"2000",-1.85313099349472,"Unadjusted"
38,"2000",-1.78830205012936,"Unadjusted"
39,"2000",-1.71566466449429,"Unadjusted"
40,"2000",-1.60184698490912,"Unadjusted"
41,"2000",-1.67504804620225,"Unadjusted"
42,"2000",-1.85799401839781,"Unadjusted"
43,"2000",-1.79743624684686,"Unadjusted"
44,"2000",-1.79090420417637,"Unadjusted"
45,"2000",-1.74099117800781,"Unadjusted"
46,"2000",-1.72754948417029,"Unadjusted"
47,"2000",-1.81590239223219,"Unadjusted"
48,"2000",-1.72521232620851,"Unadjusted"
49,"2000",-1.61543811731542,"Unadjusted"
50,"2000",-1.84958536218404,"Unadjusted"
1,"4000",-1.81158197763328,"Unadjusted"
2,"4000",-1.64455318188104,"Unadjusted"
3,"4000",-1.71039003232579,"Unadjusted"
4,"4000",-1.84383441291569,"Unadjusted"
5,"4000",-1.71254320790711,"Unadjusted"
6,"4000",-1.72877978404459,"Unadjusted"
7,"4000",-1.73929732282215,"Unadjusted"
8,"4000",-1.84700113160635,"Unadjusted"
9,"4000",-1.74412505541501,"Unadjusted"
10,"4000",-1.7108914918821,"Unadjusted"
11,"4000",-1.70115352084457,"Unadjusted"
12,"4000",-1.75486275669339,"Unadjusted"
13,"4000",-1.75987704466123,"Unadjusted"
14,"4000",-1.6662859215176,"Unadjusted"
15,"4000",-1.69364629812666,"Unadjusted"
16,"4000",-1.74242401132225,"Unadjusted"
17,"4000",-1.84539834577126,"Unadjusted"
18,"4000",-1.66895790908135,"Unadjusted"
19,"4000",-1.73482402169522,"Unadjusted"
20,"4000",-1.79551446971993,"Unadjusted"
21,"4000",-1.82754530409924,"Unadjusted"
22,"4000",-1.72354414796962,"Unadjusted"
23,"4000",-1.6640132275473,"Unadjusted"
24,"4000",-1.73615171350375,"Unadjusted"
25,"4000",-1.80058495418696,"Unadjusted"
26,"4000",-1.70460135884405,"Unadjusted"
27,"4000",-1.66145063717109,"Unadjusted"
28,"4000",-1.76911979373216,"Unadjusted"
29,"4000",-1.75030153125304,"Unadjusted"
30,"4000",-1.6834447379639,"Unadjusted"
31,"4000",-1.74020063330427,"Unadjusted"
32,"4000",-1.72905457503232,"Unadjusted"
33,"4000",-1.7360062021698,"Unadjusted"
34,"4000",-1.69258359711602,"Unadjusted"
35,"4000",-1.74251871585376,"Unadjusted"
36,"4000",-1.64896395426516,"Unadjusted"
37,"4000",-1.75948196100221,"Unadjusted"
38,"4000",-1.67786927669334,"Unadjusted"
39,"4000",-1.69748586269886,"Unadjusted"
40,"4000",-1.80464851643446,"Unadjusted"
41,"4000",-1.79110003175545,"Unadjusted"
42,"4000",-1.86892257118023,"Unadjusted"
43,"4000",-1.76974327447984,"Unadjusted"
44,"4000",-1.66961494631181,"Unadjusted"
45,"4000",-1.80506658386224,"Unadjusted"
46,"4000",-1.68746937270504,"Unadjusted"
47,"4000",-1.77358580500129,"Unadjusted"
48,"4000",-1.69484157915904,"Unadjusted"
49,"4000",-1.71121835252124,"Unadjusted"
50,"4000",-1.70352314305456,"Unadjusted"
