"500","1000","2000","4000","id"
4.70928454907167,8.92163210557865,5.97128059555306,7.43710165625354,1
17.6607403486695,7.68749976983676,5.37869317802539,6.38517312345444,2
5.24999989659953,5.1804934050361,7.26818140419194,7.58370135115205,3
6.78981205884886,7.20953048584351,6.53320148030774,6.75630111588179,4
6.14830730417998,9.39608907914688,7.30356237139956,7.62772777703621,5
7.8219584421193,7.02189368383775,7.5644103230323,8.04119735114707,6
4.14987943882843,11.8224144651034,6.45590101191648,8.50764042719489,7
10.1092125787252,5.85567927816939,7.78927143181594,8.20518674813079,8
10.9380730933494,6.35078065858233,9.34573923775255,8.03132562531656,9
11.6739970498118,10.7217263970513,8.87216968663234,7.32144645076589,10
7.38820970000954,6.84655380916439,6.39118160890122,8.09467552482327,11
5.84761308760107,6.16772586165175,9.69477962343871,6.59286069530184,12
5.14007595543297,5.47354551968389,7.07198500820903,6.30690421937854,13
5.24009216131107,7.58593484099033,6.53704770835102,8.8447671651476,14
9.37488169894269,6.84434555262334,5.70498403417989,5.86577647044281,15
9.43450075989085,7.25222660689364,7.49488046391635,7.85011754738944,16
8.70312752618542,7.09737749624838,5.5536718246459,5.69394980168499,17
6.71524516121301,8.32950029829459,7.26508005782145,8.75496781749908,18
17.0308117964592,6.38751699610001,7.23299966875642,8.0062065106561,19
5.68121575866557,7.02979081255768,7.7520812042814,9.29065535390884,20
6.76153081508148,5.96974201909784,8.18136218894277,6.33332952059705,21
19.6350626406191,10.6957488929049,7.10186425771138,9.43418534921717,22
10.1745638410792,8.11999991766248,8.57023015010842,7.27924517541085,23
8.81569941638638,6.01433085074761,7.77915532443721,6.90868793921342,24
4.97692756085048,5.36096524724532,9.74099351301938,6.32189619347847,25
8.91185460207538,8.25518515825461,6.5753441641773,5.80614259362001,26
5.58764233275062,6.00592866644758,5.0973240236474,8.88199429037898,27
10.9784674309962,8.50824241750126,6.37459380931505,7.95862846495147,28
5.11902563058377,7.88674620931037,10.0220347157123,6.5481753888312,29
8.33399505364513,11.0857294107016,9.54565345212082,7.27700074417984,30
4.77275179393703,4.86218303970311,6.15940249643441,9.97893422673342,31
11.5616736639014,8.54854169372547,7.21807836841797,8.84076140184365,32
5.06283435785228,8.40751907856629,6.37838669081452,6.90915278400453,33
4.39581983196923,7.23846887910597,7.05439605962782,6.95811307373109,34
6.60736527843904,7.58443100289167,7.54554327526837,7.65710173494343,35
6.99636448312867,7.53199440461595,7.07469685520191,8.2693898963603,36
6.01409877877939,6.6432149040024,6.3993819961049,5.4259344631132,37
5.79590579906433,6.35616818081338,6.98057241633449,9.76027244954044,38
10.2439985122462,10.1707788349464,8.61439502121797,6.41160269195545,39
12.3882348787126,8.92385672322528,5.38808779346903,7.93952237495686,40
9.07775779378003,7.67085398584986,7.46693573702011,7.54815730168039,41
6.17513579002063,5.30109500506074,6.75813165515912,7.27585092425681,42
11.8394617172526,7.87914612492561,6.93296831689392,8.69809909254731,43
5.40179423787379,7.6677400944813,7.04337729949017,7.68303675305841,44
9.19385410095567,5.66666654392477,7.4223817488154,5.67447102579123,45
17.9019160842688,10.9409033638704,6.43092008112524,7.39325446331533,46
18.9106245616036,6.04525938220923,8.93183942150138,6.58800819220468,47
5.41093642255854,7.50661813578099,7.14104621358089,7.80318702823985,48
5.62498152207669,6.94212669459254,7.11448429522882,7.63113162659492,49
6.22845533609156,5.82045133454475,7.94621438133635,6.27971880738388,50
10.0626603308396,9.2518245080615,8.99694594387139,6.42738363258629,51
5.91465134244426,6.23860854742254,7.71526876684642,6.93071448864011,52
6.608014852418,6.55896879066264,12.1463128239072,6.21100202329413,53
9.06231904318548,10.2932938007123,6.70145049122682,7.26708197760211,54
4.6149833289988,8.0314782042629,7.2130098265547,7.7758733669486,55
8.01775490353765,10.0688380839835,7.25561306509702,6.5368744162719,56
5.92342873104484,7.07272131606882,5.90675880952218,7.4629140412515,57
5.65985414534959,6.50980375767601,9.1802112769229,7.55091325882088,58
12.0100907304124,7.33801973438548,6.80301135546696,7.223449715529,59
4.62812452121889,8.31537752164415,7.94021374910647,7.53652371860151,60
7.72181279109471,7.42729475404814,9.13447677144933,6.41630673441551,61
5.44213697306294,8.78804358930232,8.15472483579497,8.9979826841879,62
4.26936309535509,6.35832714163649,10.1267358505273,8.03706299691327,63
6.24748443089155,6.832740853059,7.76236429749238,6.52453942198205,64
5.8462482611636,6.26651765457505,6.69223269426875,6.25547370542496,65
8.70121593101468,11.8699127259259,11.0410245300626,6.71416213122925,66
4.35321882563292,5.89838198350331,15.2160301591286,8.72596324209888,67
9.46369027895192,8.03536956360832,5.71576567315831,6.13822175939508,68
4.70310759326049,9.34912012535514,7.08143317852418,9.10998100453577,69
7.54353073714284,10.4697297788329,6.84903926633898,6.85138565811064,70
15.253058507472,5.66971454188778,5.80215173065341,7.00396588086154,71
6.73209534004407,8.25854622795639,5.08563796749911,9.03875725379261,72
4.42307682336906,10.4137352911788,8.84830948411158,8.3386915743361,73
15.8187185687885,7.49056582490929,7.70197643037287,8.57786133265966,74
8.94018442263625,6.75913645679167,6.29250791165733,6.79008492322133,75
8.38929515071447,7.3415035748342,7.63811613907179,7.44816116828495,76
5.04348075164135,7.33622412914704,6.87852752288962,7.55579687117071,77
5.31372743406822,7.14552884059764,6.72477826731607,8.67664791300968,78
9.47333303280116,5.69335641796235,6.0156929886701,8.16117031368408,79
8.628006221246,7.76747739365219,6.84746861705202,7.06852737198097,80
10.2403364692546,8.41054593194351,5.33613623271553,7.91497854336178,81
5.76607497907498,5.30977157168364,6.75438577562943,6.65662642264207,82
10.3434316108294,5.8577108785349,6.25500744991535,6.48006957538114,83
7.9562790864559,8.91240980934871,6.94101142381194,7.57236039522027,84
4.61008680476065,9.30653336778759,8.25049463487315,6.83626565884347,85
7.47943733180415,6.58398932701172,5.67279975329008,6.86652270114084,86
12.2145105733785,10.1776837652289,7.81329026316074,6.66110801740195,87
8.8140404987277,6.63018198519103,6.1696632635108,5.96391056863541,88
8.78671420265798,7.20612391785116,8.77849271027811,6.89663370124943,89
5.37974669348245,9.10478637852829,7.08525449773529,8.18153414608035,90
9.93119662299406,7.6072013699698,5.21809928091368,5.79190625052272,91
9.90970689837321,9.21918699611793,7.76528246488412,7.00265162710536,92
6.92574108473217,9.04292733361438,5.06479130323768,8.74574779762643,93
4.98187100898529,6.08856566603049,7.66165965731694,6.41167020235289,94
6.40745404244214,10.6095786258078,10.0622359262,12.2876377088741,95
4.95697068532379,7.13409691079719,6.85315904725503,8.0486692881784,96
4.93106932439524,6.98236960614282,6.55645432791105,7.91805122635987,97
28.0270878638287,7.64280600112251,7.04904928906135,6.25030453778721,98
7.50112321410027,4.57686476268956,7.60466834245785,7.0110096784116,99
10.4311949014253,12.9214405227507,5.05613763915621,8.22478165210962,100
5.90494545836345,7.08162894796449,7.64939810327552,7.85032553082001,101
5.2234052783346,5.87663708788297,7.22517716295021,7.21389868275888,102
10.829435812526,15.7734544233869,7.20518198620357,6.74849354804503,103
6.09202998443221,6.90768603855889,8.88417566655163,8.37668083491096,104
7.24223089754282,8.52153293092497,8.23363886468891,7.17301301296441,105
4.90765832085807,6.47739523714292,10.119845605931,7.606539193231,106
7.50597090100925,6.72172357188675,11.3431530904933,6.64729507099126,107
8.64579766552077,8.30673233839229,7.25795762983085,6.01593379378343,108
15.2156856041849,6.19565451905533,10.129869831635,9.58286569794895,109
10.1999996212864,6.14955169053981,8.99963180487754,7.33410216951693,110
26.7482702451107,7.77868586540776,7.57218702773316,7.38805446173,111
7.33298905985582,9.7530099448631,8.12007199126344,6.56197751171938,112
7.99051918868776,8.74900482343209,8.34260620443745,6.83368180354445,113
7.28805400139717,7.24247744318429,7.41637399808569,8.9934829281908,114
8.49877777752622,5.16138053962659,8.07948022534656,7.74317220235421,115
-124.063621610738,5.64919774577063,8.57721066978045,6.10212881844185,116
5.78741603539064,12.5815427775167,7.53476246881536,7.642927933993,117
6.25181135446819,8.95329846238755,8.52328584710954,7.33725981174855,118
7.89784594268176,6.91675747102799,7.30511244838482,7.64180198253085,119
14.0188341042685,4.95072554412062,8.73156335330145,7.43532727506329,120
5.97008531699415,6.42930308049878,8.12386896724592,6.31551526096904,121
8.0708002184221,7.26993846616283,7.8156414365898,7.95326128793789,122
10.0070633330218,10.3249996477301,7.42836839624222,8.64646107928122,123
6.20604517547324,5.47472038308466,6.17856839931763,6.24900625543761,124
5.79111642926003,9.91328270285597,8.35901155220232,7.0732956063016,125
5.78911411522809,6.58823239957002,7.77710328061343,7.63546068210266,126
4.35859020275836,8.5234047219752,8.85043092269831,6.22407251472494,127
5.38367042655446,5.16141410860472,7.1960297778733,6.11841561907234,128
4.14403954258333,5.08784524862554,7.95483216129838,9.34987791381703,129
5.59292268210038,9.34263275196077,7.44099660608649,9.68484750270774,130
4.77369281364751,7.11986880812467,8.11189467506107,6.22293714531231,131
18.6363631808202,5.88791253203252,6.37513098565169,7.16248248581693,132
10.2669928808121,8.82473562509542,9.45842855875149,5.85638917634148,133
5.2854412112827,6.76753364251424,5.51329010002684,7.27346652705828,134
5.55223632137641,6.48668172966028,5.67317993986174,7.17560728152348,135
8.28294897363457,5.89256699150296,15.1304627545308,6.96851656113175,136
7.60406498575079,9.66811149192311,8.19006305858733,6.87069970310468,137
4.22448968245284,10.3053807401141,7.59368549505627,8.44090695653384,138
20.6605736529591,8.30403536271632,12.6133473928978,5.93773657507244,139
5.72026038690251,10.5088839385235,6.59706014752755,7.3099843349897,140
7.5303865724337,9.48853867338704,7.58964798762843,7.25124297511626,141
34.7337118000005,7.34056631017997,5.86699783509769,8.6310316170634,142
5.67161197372435,7.30541094111079,8.34437053007168,7.53952178262452,143
7.49003964536283,7.04318308666244,8.20072763100955,10.9121348017177,144
6.1682149161117,9.01820610820276,13.6797653085175,7.47026081070943,145
9.09735251361088,6.96889598963673,5.91203778606417,6.93061492975476,146
5.16856598976239,5.57608555784797,7.08967324355052,6.58754195172443,147
7.72640893896739,8.77022049163834,6.01764159977739,6.1629114496111,148
4.44780011744196,6.60706220295909,8.6109480381777,7.0821016947622,149
13.3217337745902,7.91836715423603,7.39271743624039,7.22556816822769,150
5.29798122435007,5.20520933208794,6.05923578014935,6.4818363650683,151
10.5535711677446,6.41493162317335,7.04033698525457,7.78238956167312,152
12.7609643511983,14.8479983567746,8.14176010204284,7.29371011531929,153
7.44380377478529,6.43030956167567,6.49211050029093,6.82233135097008,154
6.67475006231687,7.85507800524314,8.85402158328093,6.94912135019423,155
11.4038546185042,8.81256059748274,6.57422856228588,6.44412119209074,156
13.8937513761198,6.40729572272742,7.7055006473395,7.35647202364416,157
7.04156254683532,7.54567512212373,6.60590080813642,6.09946364726077,158
6.28155131079712,7.69176412008264,6.04563798515335,7.38630702758327,159
6.44827569237252,5.91674794723341,7.43065945301707,8.34940873760336,160
5.89185034787197,8.03949055315563,8.46541452380895,9.14175469568316,161
6.83839020964766,10.0705093761602,6.90902201582796,6.96761323672571,162
6.37999983779031,6.02870209988382,10.6578395971952,7.23029831515876,163
6.03943725166002,4.52074382267083,6.00092715093852,7.2405906355118,164
9.23956169226044,6.52385961503275,10.103975714556,5.94851136713693,165
5.81182627788447,7.34244363482364,7.02952452623958,8.60534824374998,166
6.82263307119739,9.11228922290064,6.78022456426448,6.25346026655869,167
6.97431323399788,8.76041616293878,7.20888288422017,7.68712598184146,168
5.51765103168265,5.51029208216218,7.55457771491471,7.94446952123617,169
10.8580099680089,4.84642798228512,7.56774515341337,8.66711314644646,170
14.8343554051022,11.4631834972115,6.05197316056266,6.53859199120842,171
5.98017758535522,12.5863745771904,7.50957206690392,6.70671519789793,172
5.71038347021523,12.2564693253746,12.7769804422128,6.08674359597854,173
11.4012851851662,7.03215811511052,5.36505240856703,6.33984874328781,174
9.55607721920021,6.16004722235332,6.03927066334887,7.17999929545345,175
5.49758254991959,6.21471391746595,6.18445495821487,6.2413972122467,176
12.2849995715075,10.6744612212699,6.85096422936143,7.84828887087797,177
7.42702232533685,4.96591795046877,9.60576918699602,6.86784769973632,178
5.57244537524909,9.60376623086909,7.0524650739807,6.70911385481016,179
19.9148933963485,6.96228202400934,7.23616432864291,7.27008895621948,180
7.13971031823929,7.99976567057703,6.49205681598633,7.19443251923274,181
4.39336320328794,9.83269962817132,5.79037646755988,6.32761231541972,182
5.92824055786372,7.37704569356741,5.45536626382341,7.618110620863,183
5.56325446142965,9.19236391715924,10.8639530386086,7.09442615543929,184
6.8054716279281,7.79546571030473,7.41824265961732,7.9388897853882,185
11.8745055169185,10.4492502593862,7.66036743546904,7.25703566226194,186
8.90931969389731,11.2289470043731,7.30142604636607,7.45893228616491,187
5.38078747101596,6.66847617560084,5.72953923940082,7.0405690226367,188
24.6521735240822,10.5113322214535,8.7079571471104,6.22542771730885,189
14.5480679612709,26.8921784624863,8.60391170969594,7.60760466000633,190
5.88012782098429,7.86713025016813,6.68253696753816,7.38876423948087,191
14.6442658048046,8.98082425366722,7.27224233233293,7.50396355394939,192
6.59879621300169,7.7580443042322,8.59858165814201,6.6763618448386,193
4.61183551266835,6.86299603225304,6.31164778038292,8.19683975206482,194
5.7812114194394,5.95904658185161,7.03669707566017,7.37428381080313,195
5.50232543610381,7.34514890820909,8.99588459734321,5.70315420671653,196
9.99999960613651,9.27518622103409,5.92090637684633,6.83679593199038,197
7.95151112422598,9.18343997225554,8.56163629153649,6.6992246243754,198
6.8402136034238,8.02692610288831,7.7343788597302,6.52436876432983,199
5.24591012511315,8.47272909955829,7.39848154960818,8.11514005121109,200
8.17275727453547,5.50005954195498,8.37396046899788,6.90603212755091,201
8.06603147793469,5.8013037557309,6.97904075054613,7.02315026555647,202
8.38620659597375,6.08340670180573,7.86316697406244,7.96682072118185,203
6.86999431414508,8.35867322180665,6.69373660166356,8.85022084549367,204
5.98583730960029,19.3851548942518,6.49884409086223,6.72224330413922,205
4.63195525170255,8.71983181998691,10.9943359519452,6.3586383958089,206
4.16006301456516,8.5195607960796,6.95342229972546,8.21165398033757,207
5.66880628651226,10.0606058008888,9.33591679138096,6.38157561484886,208
7.84851399739291,6.10972852278822,11.6578239597626,6.83342677051426,209
6.7519683321709,6.91228054761992,6.39519772858934,6.80189774892232,210
5.13324695594905,9.11501751614308,6.83822447698257,6.88295172970311,211
6.84099706255356,8.82542350638395,7.81818161130789,7.9087629337153,212
7.02368754649099,7.42376466663443,6.13794057664144,6.15448986142011,213
7.63609935350464,5.55023116918512,6.08200188639095,6.40590614645845,214
9.28764916672085,5.7504527952508,6.17018435005365,7.51949699872645,215
5.40122687764642,11.656191818502,9.5147259263019,7.27624128870852,216
8.74505911241064,4.62289397112066,7.12558422372601,6.46674500244285,217
4.58670314618206,8.57411693933532,11.1211995082292,6.30728626018289,218
6.83697417484562,6.39828064904835,7.0021522705904,5.89241801731061,219
4.98359069995402,9.21189807221563,5.75419910040761,7.93000095335132,220
6.17267636875943,11.1908866134236,8.36300847891274,6.6257598773441,221
7.47393024297436,8.78024648455159,7.43151606302163,8.02218310754547,222
6.44341205192881,9.5208609977988,10.1890035010783,6.75530876447642,223
4.62010081686437,5.38933046352495,9.57245857902453,6.45856703770748,224
8.30616104915781,8.39628656694434,7.69652367557154,7.5758240820171,225
4.50791887257343,14.486806333823,8.19134261629066,6.76980560834964,226
29.6964164069137,6.22793456361998,10.3635406786027,6.70720240425957,227
7.82795671808899,5.08743497384221,6.40007070068773,8.14871974876635,228
5.45945931466287,6.71512983281423,8.65548335279833,6.45840103130712,229
7.32943301918002,9.6127042434805,8.86649316421325,7.20921632428302,230
8.32525024042973,7.64677308321588,6.35098519053641,6.36420426802625,231
11.6413318159838,5.07291678657974,9.70246147853265,7.08516408009564,232
7.9312745985128,6.04236660873785,8.64956643350229,7.60977182430485,233
4.80041120197027,21.7387868873733,7.84418739948347,8.96748977366892,234
6.30425153846372,7.42066120866669,6.2878740772044,6.7301852917582,235
5.23407423868616,8.46522487967694,7.09474273091782,8.90533608392928,236
8.96295314768104,6.80198979409052,8.29760903577498,6.55142944577369,237
14.9999993499121,6.43478000151738,5.09500269254685,7.76261008766635,238
5.74671784182472,5.70943012542219,8.50430132717917,7.30358983677232,239
6.10116718711096,8.89203238293986,6.92756398600129,8.50529249169886,240
6.70977425744866,6.84669595635223,8.59970108689264,6.44010439115435,241
12.2724943817294,8.26419317273622,9.07749841537873,6.38142176996761,242
10.5003066329176,6.13612969578385,7.41103570779357,6.70472603961141,243
6.88745960780604,8.85801878142683,7.02726016960572,8.13730128275451,244
6.9440835138567,3.92679740637389,6.40684574634276,8.43883946685494,245
6.00980361117634,5.08263473547776,6.12839876426836,7.63997473111409,246
7.4153938164238,8.60722256435662,7.3197565742779,6.05225701603808,247
5.15205034231389,7.27721071830223,6.84005488365082,7.4393782402717,248
4.41870084079061,9.82367585338544,8.68385266797795,6.82642098376384,249
7.15207498131644,7.99371329266775,5.65723240533091,6.26726098337102,250
6.14425538615529,7.76740025752494,8.69604258466538,5.97962448963938,251
6.56877368751283,5.38518334742823,6.41019358284637,6.61696099999529,252
4.93011666528741,7.01844412705193,6.86402052352228,8.11595817344542,253
7.19696058833197,6.92480789542827,6.8261610508016,8.17512693568857,254
6.53463261087177,5.44168381011539,6.79957651980833,6.50265299676571,255
6.04271304741295,7.06813503810305,6.35788770389165,7.6362767712558,256
6.53698790862787,4.25691149265237,6.73424497858547,8.87204830165487,257
6.61564700794014,10.1898286025637,8.08098726402378,6.76989182451634,258
13.4067438239145,5.90816857476671,7.57792410378501,10.0752542751983,259
7.46139684939047,6.83731525403644,10.2690246096809,8.90909038930958,260
8.57430367753996,7.50656056668035,7.79734518754213,7.82823053482873,261
8.48522570968951,12.7191234528771,6.26879951005249,8.90273186604499,262
7.22763323638428,5.52173900497422,10.3600666573046,5.87936139135673,263
5.85041155260766,7.41022232860317,7.50858835984558,6.40869130143244,264
11.184548678062,11.3349730893688,5.68442101583855,6.2384200452311,265
20.6321928625875,7.19994425354681,5.47355220427342,7.24714840133549,266
7.7926241329976,7.29993013333533,6.63656919135288,8.94821651554173,267
5.91176451649563,7.59007985866082,7.80652038365564,7.64748083419804,268
13.9322829211985,7.71742807460332,7.74706577402535,6.67050500555356,269
4.13821408631481,6.86310022370285,8.01031845425116,6.94022120348317,270
10.9106711709337,6.92919300500938,7.07920783069134,7.14998870722908,271
14.8533136493513,10.0944537069217,7.60556022047254,7.11100692026794,272
18.1051397081199,10.5083329957017,7.42809164167504,7.49949656711506,273
15.7695162071244,6.40916643581239,8.34522071191277,7.62705728984588,274
8.18246129111394,6.15812903501219,6.44369016089725,8.31255145431699,275
8.13914976645895,8.62395300041596,7.56152491215512,6.1841774064464,276
6.28450509219024,13.0189009623827,8.74441108604186,8.83616210691903,277
6.86079505221101,10.2677110516621,8.93558308199596,6.02976816037296,278
9.98281916742061,7.12195999862377,5.66129492903623,5.8413935762186,279
8.64544843524619,6.29431636535354,6.44057122734161,6.22904821739184,280
6.81861014397838,6.6072235720748,6.80412358543016,6.20559416805507,281
5.56223976262655,6.50006999657951,7.71677975871435,6.69022366418238,282
4.08163256931913,7.00624624453248,8.44564720618574,6.57332660052223,283
4.2857141975438,9.52423299774281,8.84046192546878,7.23672886091147,284
6.2808111029079,6.1104262768413,8.81002654546149,7.26253165103291,285
7.49015038926657,8.26133888166424,6.49183580915091,8.444169006241,286
8.08449732355524,5.61197631990857,5.96396844848589,6.65350790875938,287
9.41261878314765,6.33235973039719,6.98192813992202,6.75477573384637,288
8.42641468650126,5.5036974641826,8.49142352221774,8.04879875620643,289
15.0420663915894,8.96686361489155,7.78069074568117,9.40535510488767,290
25.7169191633716,7.52116631355649,6.48304587504882,7.6504838792726,291
7.44955732699552,5.67131047562291,7.07525863005834,5.90323268629983,292
6.93199007781399,14.4091830220544,5.91994280153544,7.78006071986938,293
7.18421035501905,6.36282802794898,6.02233784097148,7.18097874157555,294
13.7740800749683,7.63633747348054,7.24820400504321,6.55264122678654,295
10.6794868987795,15.5356924105413,8.53495480549023,7.08116095767273,296
6.05853302708543,10.1993802914125,7.1454873183419,6.84077292478134,297
17.4078942674056,8.35391198836617,7.81914470296922,7.17904562354074,298
7.14847016836966,8.5661195199782,6.84113515776795,7.48593785063993,299
6.81018001040589,5.78646945968196,6.19362346085569,6.97189119339144,300
7.18373870109389,9.98995388167593,8.44737557327251,7.94488908242863,301
10.5781990353473,8.40529662388514,5.26556419811741,6.08520694086743,302
6.83740263465981,8.86019178061653,6.91891479986935,5.53380889841078,303
6.11569146572222,5.68525450764381,8.78295307653549,6.94072855510361,304
4.74649523944406,5.25925139216047,7.41512863719379,6.44827271271996,305
5.07485750602219,10.212291671274,8.78958764000901,10.1548548603535,306
6.48470571166072,5.87574150472285,6.0075276636373,8.3605611901285,307
10.5773103962914,10.8746775935693,9.31934856792105,7.2364523322382,308
10.9185181299212,5.58216165519666,5.82151528632505,7.06862138110423,309
5.52130807953373,7.83652241412462,8.30527984598862,7.2285790898218,310
7.17001708775139,7.67800805468804,6.83593983645118,6.52831785441012,311
17.782818188582,4.78232209983877,6.1303706424978,6.8607829384782,312
7.95876258138432,6.99175482861895,9.5493937359859,7.57309185056545,313
4.38715090162733,7.84703351660971,7.511447336276,6.79674112093619,314
6.57507326603904,5.31761028863236,7.63847782436393,7.93338683138518,315
19.7781451868876,7.53999981258799,10.0790528855151,7.44398787047459,316
4.90215223621527,7.22658507935278,6.98575529658136,8.82556585906956,317
9.60902232745237,6.0153844941418,6.76550550811187,7.62316923169418,318
6.58497854419507,11.1392436512053,7.14957715475652,8.90098428377668,319
6.63900890535576,6.26244815853284,6.81356287748825,6.86345965403322,320
5.93732985412631,5.99112802674039,6.57341080483708,8.15361525250317,321
17.776965216612,8.65969760391045,8.68088153312394,6.87948641776604,322
6.41770960678218,9.82077828716384,6.29894990384027,6.81665677534662,323
8.35012560984236,9.79152619986892,8.49387751574523,6.85642100479621,324
9.78134363317058,5.79510591261277,6.72166058169593,7.83678208832685,325
11.4683938172633,7.19216401065438,6.64182638951435,7.37332557737959,326
13.2836104808465,14.8625304669092,6.75106124656447,7.17537395413616,327
6.38175791644598,6.96210168443862,11.3289268951455,7.77018058061875,328
13.3236318996055,8.61895419412121,8.45170569520767,7.09440467315279,329
5.61862433620878,6.69439846354876,7.30025940811947,8.02136782266453,330
12.1466059960645,8.90593299697621,7.74724469487269,8.14298807316316,331
7.57682437895842,5.37192130815323,6.93901858665296,7.77833748233865,332
5.8919015924216,8.48212737037714,5.83819264213622,7.66055506706594,333
6.59657067243392,7.97261360234001,6.52818698134598,9.08744491172708,334
5.82258572777352,7.35192898696934,6.80649807365025,8.01411107507346,335
5.68563981393752,6.38582810827877,9.37403295620859,8.46213189133029,336
5.54309973428503,7.66597057661404,5.35313287204109,7.14331043926366,337
8.37209280401497,6.31942215657627,7.13697575202877,6.86617644894317,338
6.68568185687471,6.15865334000544,6.61655357241628,5.83559168713685,339
10.0168679618061,7.62298783545316,6.15401445124192,8.50677810874147,340
50.7272762328069,4.36604181988524,9.02344515665276,6.87248484403968,341
6.36136120720245,9.79751773251578,6.44054826632647,7.11180664830589,342
4.72799425563083,13.1849401685818,8.23806057605972,7.18443469365014,343
12.2907971472701,5.87227909410347,6.04849086769735,7.98825609696029,344
8.74803124265177,14.8035704650627,7.85639273990451,7.42738591851947,345
14.9968921170781,10.5666997683553,6.94749108103875,7.40210502662913,346
6.11459878464194,9.50957898081158,6.55345593195265,6.44982733057525,347
7.02989109915561,5.56572630091748,6.57764706340496,7.26517400022392,348
7.97540430400551,6.94602726336808,6.08448780152251,5.78436523435421,349
5.64081713810887,6.74425462806149,8.04044265617787,7.7703604322256,350
6.3489058978662,5.12424818278317,8.32591651017164,6.39192949985732,351
5.04016438024219,5.34341435619931,9.63545647021745,7.545139449206,352
8.67821043401738,8.5162213607516,7.15615258878338,7.2663422660929,353
6.39375366543135,14.561575193435,6.91915640366283,9.85084074033944,354
8.78025018436741,8.73031646214812,8.05669845824499,5.91715507116517,355
7.6411040123286,114.851599387572,7.00889246713041,6.64769258467968,356
9.7311408918384,6.49250575106773,7.03407921977376,9.25969312839458,357
6.76429516073808,15.3450312906455,7.20973602833875,8.74091573166445,358
9.75360088625768,6.31428150602272,6.90005838333371,7.68825065140604,359
6.67483966200681,9.98298495250065,6.53007006475435,6.97287123754428,360
7.34864768571753,9.9116786725939,8.04443085505041,7.78345589010736,361
14.360334887394,7.13320709819686,8.87190566536827,7.4364647444479,362
10.8235290201504,7.77552443341124,6.60417876262919,7.68062856796093,363
12.9639427005659,7.23652453380919,6.19074296864202,9.24214562423803,364
6.27352776889111,6.09848221685366,7.79974805456038,7.09077783477888,365
5.38662902122143,4.91137488559061,6.75957431222934,6.40152502414571,366
9.49282259576235,7.08307079391094,6.84084107913354,7.02443316431749,367
6.69731459021572,6.43133144056533,6.76528726247546,7.94873006852307,368
4.52930112517066,5.79036420998166,5.90007841231427,5.6755080019133,369
6.23804886856325,8.05984914336073,8.57317137667731,6.97829514862281,370
8.16292493937683,5.92357354028331,8.586553219332,7.6002301171642,371
7.90535629683854,5.68246235537035,7.00627375242241,6.76548257977532,372
8.69582473132876,7.17292962229713,7.94832720948402,6.7700978591241,373
22.9834248109848,7.48194882663557,8.12533077416834,7.33892697633591,374
7.89910007445916,8.66952976865772,7.64034295651028,8.84878571265586,375
6.41935465348041,7.84221518410186,7.97268628986395,7.05992274994815,376
4.72948074732702,8.93075641435998,7.54170298339946,7.22558495172619,377
6.0804070146352,10.0713890468448,7.57628236755032,6.14603849784324,378
5.5126347958541,10.2112916088015,6.28994857523769,6.636383465885,379
6.84812012376836,6.05462211054449,8.99632187050636,7.24528709406758,380
10.9222515260891,9.0310729201258,7.4412545139226,6.94851512817323,381
-48.5509856218215,8.85957654268245,6.19043786991495,6.22620597061213,382
4.17093857865949,5.07939599327031,9.20148784337375,6.54365508295446,383
6.61066653173251,7.07808229329626,7.34799063591317,7.33494132096603,384
5.34313492136839,7.85251728547325,6.73204941648883,8.76685857795823,385
6.3495923595431,7.72011087853562,10.3648845575475,6.0490044299369,386
8.86997650178722,8.1708189201875,7.78098131433589,8.86685098479098,387
3.81825111054347,8.09924414665739,6.35690043236249,8.50099484160727,388
6.2478461108883,5.99092605418296,7.85800619764916,6.43629643533124,389
13.1762467920995,10.0328850204611,7.3986277265251,7.74114927185109,390
9.97635823890497,6.64908558247557,6.54976441441446,6.79402096823648,391
6.02141594718912,5.83726832556267,7.77301402030906,8.05966647788281,392
11.0091046525396,4.8250727881635,8.96698696429921,9.20160466434651,393
8.30315625061839,7.37938955531889,5.85951219848472,8.02912532460248,394
8.44153151429811,7.89640878665691,7.18741597520332,5.95657540075311,395
6.23155615296066,6.97855442739564,10.2305653933562,6.49386188445105,396
7.44903557436518,13.7311407346873,8.01190052034481,6.51490308774794,397
6.2536545825944,8.49552927431497,6.42485492878358,9.3956326371794,398
7.75391831517953,5.13978831918195,6.69819132153419,6.28357249269744,399
6.49041352063133,7.99357404141962,13.123524714132,6.44102521910255,400
8.78895892691568,5.81146130321874,6.5234683074412,6.63976101326968,401
15.9447726925556,6.09510003890715,5.39235657516604,7.20130944293272,402
6.46399875510003,8.60646782698387,8.97715131804973,6.94587763078922,403
18.2727266895879,6.39357111085617,7.98255218231099,8.61353814806472,404
8.1417660528627,11.3214842398511,7.26937863364569,6.48636579210512,405
10.3640070812527,5.97806822060762,8.03494847680116,6.32620725743099,406
5.46339878245405,6.16435879380181,6.57468867665756,9.11182317247322,407
6.46571782701242,8.07072011480581,6.36514681854021,6.3014357094732,408
5.37567295327255,10.9052138552018,6.70018067687295,7.02442226996348,409
6.2452147129074,6.35706968083368,7.11289391521622,6.58051344018404,410
9.5225971468358,17.1281403150825,5.7304635167735,7.47052510293072,411
13.0205388657298,8.40242277784951,4.74834278020651,7.20615502710422,412
8.27974023365952,6.61861268788029,7.8584020249331,5.57865434960291,413
4.62606545111647,4.73448211448684,7.53091462769388,7.62788109552217,414
-22.3050782127063,6.14354824555906,7.91521851348216,5.60354341168489,415
5.83202275520084,8.11798962072934,8.33862750684576,7.9486692756888,416
19.7177340640974,6.30774988838657,8.60044183849231,7.467392615226,417
6.23958595954662,8.76276378689534,6.23756608228047,6.87662094995745,418
7.29573122117008,7.44428953217088,5.58289999769847,7.47750412785252,419
5.75817864525318,6.02930056425761,8.75847150866974,7.71011135678923,420
8.51043091519347,6.94600204431508,7.02957150918819,6.94183697834206,421
4.97389425740063,5.92083095163029,10.4241829038469,6.56273260906339,422
4.56172482594113,5.73953778144291,4.46384364562484,6.46645019864405,423
8.3454061997285,7.34649405896643,6.26317217000546,6.70396177346188,424
53.275249966641,7.76249979710445,6.39011680997925,6.39585022848512,425
4.33633905252395,5.72925524406021,7.18935286834638,6.76451307045838,426
6.06982166683843,5.62945662666984,10.245448042186,7.08123022623596,427
7.64858251872167,9.6818458553324,6.353179823859,7.58762971331978,428
5.19749313512294,6.29786500221254,9.69452626381264,6.58845278470095,429
15.0996892303006,4.37637354092789,7.25046150260028,7.3798588590781,430
11.7692129381041,9.33306751722277,8.48059575747326,6.42884583285889,431
9.88779358863252,4.85341129913355,6.07303892878967,7.95856738354655,432
6.15698994769518,7.49168010186664,7.10603703743399,7.79402490972832,433
6.03625254659345,7.08390252153269,6.93619740885329,8.04254164544546,434
6.30248409389037,13.2521295361412,7.81852586375841,8.22566243852465,435
9.77251296225201,7.23482172015535,7.59910360489125,8.24150600248428,436
6.87107362320867,6.83321822795919,6.04327370799088,7.54586522514459,437
6.12233957531922,8.60574230897859,7.50519634556646,5.94543049816378,438
7.89188284784559,7.76857804116748,7.69672626741269,6.45680308601736,439
4.84789143862042,10.090108203367,5.73284525160846,7.83094910633029,440
12.4460464294922,6.35366943328715,7.46534263547833,8.52521662493325,441
16.6730764649005,7.1968023152656,8.26579216758565,6.06933774084344,442
7.55071388318144,13.1218582442069,6.20071419462017,7.42492637365917,443
7.68852440065198,7.25931975499343,8.01279157566751,7.75329799343756,444
4.7221697314181,6.89546448243426,7.46123499707796,6.72666990055196,445
7.97969241948349,7.25073480441872,8.90666914272751,7.55741138175047,446
6.16821502260282,9.88599407755055,6.42263170618691,6.83670707887639,447
5.32919243384712,5.59413727080718,8.04320562387393,6.60864032926009,448
4.82138174888216,10.0022334146294,6.19877121613435,6.83345993952864,449
7.94257293654454,6.6938773981694,6.00757070077521,6.57453137472761,450
8.96936664508516,7.06783351936751,7.54180618035607,7.05849473965192,451
8.88264911244019,8.42042985684737,5.75779078900078,7.01495897137976,452
83.0442761386684,7.78228452268669,7.00911077865283,6.75520665646305,453
7.49189509799982,8.57400571565524,5.53997392825477,10.2517659991875,454
9.18651313003596,7.86237299354355,8.30154684800655,8.13763587107894,455
4.66330801800894,5.3638704616521,8.12001480932705,9.30091905146942,456
7.92009399137808,7.21167734235787,6.77614581818431,5.8783142027819,457
13.1347145994655,9.04237347257573,8.48128085962584,6.59848383741423,458
6.40624977466937,6.16762690510573,6.75409228581821,6.44174841064605,459
10.8283727810704,6.20072822305156,9.55361807964637,8.12958402382665,460
6.37999986888575,9.49849559350957,7.27404024617215,7.24430449350848,461
3.99625020183242,9.55297023547098,7.60082288818703,7.33736114952988,462
8.34708616343641,7.76747298976105,8.82741032654199,7.01875439760526,463
14.7081486224526,6.41898586505832,5.98191670243696,8.09854436748837,464
9.11129764411512,10.3468912723496,7.79232524951304,6.66355444170873,465
5.62571743737462,9.45719871674608,6.68155798598767,5.8066775040916,466
7.96137838270528,4.38232484245447,5.31946369731299,8.00581538866788,467
6.01126488508249,7.71966396132711,5.24140694634233,6.44170049354279,468
10.8466518587557,7.71258114990346,9.0417662604352,9.30332015995128,469
6.18749982968242,10.943017299268,5.85931265903198,7.85968845700814,470
6.87102089060325,10.6660302286241,6.82983711207226,6.37452947512121,471
7.41901387357547,9.45125732573979,8.5631067938683,7.33300679276748,472
12.5650020298005,12.965238936342,7.12197227533985,7.06237032830581,473
4.7765071116114,4.76913449162465,5.77805200065515,7.57967286663076,474
5.03863404945157,8.60991499622425,5.29995037546311,6.90619091464485,475
5.43877469677057,10.5495310336846,7.31017446003564,7.98161608821188,476
11.6251199753745,5.49915546442971,6.37805732229821,5.92278606212178,477
4.91164866000127,5.70754567592349,8.05411597109316,7.00028856306427,478
5.79340431073169,12.3161239033765,5.81278754544409,6.24177324097258,479
9.54760325390957,7.84869157531869,9.61189465701538,8.42538709476072,480
9.67828817477409,10.6276423182568,8.87238915487707,6.3089114077217,481
14.5484496679643,7.40021086213754,10.2812164168602,8.30006996471436,482
5.24902028752789,6.98346628562726,6.35559139644134,7.66004744218674,483
6.44080923389635,6.20709321543338,7.63309437036073,6.69871549802588,484
25.3645482058277,9.07554356535526,5.04618758452039,7.90599578590267,485
7.76667722938938,9.9509673266543,7.91711198353586,8.08821809979933,486
6.53560024801523,9.77641665772888,8.2975513243919,7.90720408586288,487
5.22950805668198,10.3774659287771,8.38564717399185,7.08308143000259,488
8.60268331906535,9.38257668455181,8.57727179284779,7.08640370668171,489
9.67552349788398,8.35945962881132,7.16780370319755,6.52530727115646,490
8.20485347334677,17.0840532091134,8.04085104126305,8.16699134389006,491
4.28614574707468,9.3524176466823,7.08284004561103,6.4679911234107,492
6.80784694968789,8.44716421621814,7.6682171348108,6.82631640010595,493
4.8870735829272,8.81339448543754,7.59845784614062,7.89967102236864,494
8.15529109642042,11.9892072146158,6.97469338044954,6.73794828376457,495
9.39220159932672,6.07893380011512,6.80063548760172,7.9373488943996,496
7.47380390201509,7.24825162944224,7.9500900932771,6.27491570294191,497
5.93246511543449,5.54671118629774,8.07654785331605,8.5055230608516,498
7.42913364161625,8.45889465732028,10.0165464442025,6.15702231839501,499
9.70709353995986,6.53071305349998,10.6150786205804,6.32264670373944,500
11.2996936741367,6.06222876638188,8.40645021129887,6.76408108542379,501
8.29906518006607,6.17554161336178,6.55580454440603,7.26184971581403,502
8.50464835441514,5.5622109204772,6.31992822424776,9.29028081215833,503
9.84564895058821,9.7979972418023,7.44433513533186,6.80964139733616,504
6.66767886210359,11.1299298874093,8.08114866647939,6.4640808180017,505
30.3837216125691,9.17343025803547,7.73773675813534,8.15811389115036,506
6.84876471155911,7.67668924148887,5.99477254166993,6.12260237610005,507
5.78125101627846,5.98046687830018,7.42940971735727,7.43547874851262,508
13.5425931393986,5.57406972165097,5.81974800005916,7.29594493235516,509
6.38872458824343,8.79645031067345,6.35931955405953,8.31204057085564,510
6.09225444030564,6.86121846452701,7.78599284460943,7.22604951869449,511
5.45028620945188,6.35745941673552,8.00514278711956,7.1973808002321,512
6.26666652087109,7.09100644964101,6.80833616097392,6.08202080633412,513
18.7833969639126,10.5513662757562,7.60505943625054,7.11537562287274,514
4.56130780221451,5.69404551541303,9.26842190350256,7.85682448198671,515
10.635777818064,5.06626368505456,6.9217483579043,7.2580264118356,516
5.88487795178381,5.91078558656421,8.61228199856305,6.65795554941216,517
5.8541822367804,6.11029384781755,7.75796987686262,8.20714259839568,518
7.02374031434592,6.57749910241542,7.4974166774952,7.00104628744254,519
5.81453627243108,5.74891747546829,6.37401267614065,6.80547987026773,520
7.53260846070103,7.48507353638489,7.09039021774776,7.80592764175675,521
4.88755970827978,8.08548682089907,7.05258183165982,8.40769558277363,522
5.8480949616466,11.6044697982145,7.71710316558319,7.71689148179321,523
7.91167380462927,7.32612177732913,8.64045164398895,9.3465848867551,524
20.9429555893051,9.17224857461549,5.76557158110474,8.41824902639396,525
4.72004400333922,6.44147498876488,7.6813571391602,7.98755496989476,526
5.34252466182998,6.12955148849932,6.23752188739418,7.12475938210341,527
8.64498792331235,5.18611840207607,6.83105065724328,6.74678309982129,528
6.89355881053136,10.1450459322536,7.99791989679559,7.85428124163494,529
4.18958881710392,7.29951816953478,8.9574872498752,6.52830314438105,530
10.5751279141264,5.5426177141866,7.39820357675327,7.79127554501876,531
15.3072666782135,9.59941566308071,7.47195493488379,8.29340503476865,532
4.54521638958812,7.48098477410277,6.23683927840866,6.94036918772402,533
5.86525326486789,7.16698672152741,7.81982841190825,6.6644071306174,534
11.5575575825686,6.58523154867221,5.55889759710724,7.44518051193144,535
5.73166271700343,9.44104810719887,7.49238769902495,6.34931474719192,536
8.18073272653761,6.82064792486057,10.0659865476887,8.69451788291985,537
6.99520997091069,7.13273630404186,7.31617700062139,9.07633159897398,538
8.07230538161745,7.85352754037058,8.63526904905853,6.82762988350369,539
6.2202120685718,7.56123866199923,9.8070634870744,7.41601843581375,540
6.47637833541712,9.02512951052268,11.3981790061856,9.05063200960398,541
6.69888790315743,7.64705946420163,8.96052976587985,6.47549185380023,542
16.2985463732871,10.5259255508696,6.85654674563333,6.74408536675829,543
6.94698645651693,8.64582577888591,6.08523028620784,7.12639366971779,544
6.92331004963361,13.0615359334241,8.53726003874895,6.77898640985298,545
7.49073233638878,5.85626791540009,6.33129521094967,7.5260781983734,546
6.11236377880177,7.5500243912793,9.12308734168193,7.45023419871251,547
10.8185882370665,9.059220092385,9.50620546856906,6.46350009394772,548
7.73089834104683,7.01644834160037,6.52797649087143,8.57073696222684,549
7.46790138817403,5.81172313447954,7.82327997489225,8.21456372809237,550
11.5512167722186,5.96731533575709,8.60952750404851,6.57352268111957,551
5.64532026120984,12.8114282606283,7.03839306706417,6.58827221739181,552
7.01504385352667,11.6877500248692,5.34658174865765,8.37705088685261,553
5.5634084922726,6.28972311826795,5.43115440274199,8.56119655715015,554
6.98494597044919,6.77698887846023,6.2540325313804,6.74550902496081,555
4.01693061469707,6.67210734845934,6.6575351495978,7.05725292959799,556
4.54125728896604,5.22274356483444,7.26908893807609,6.22552409433958,557
7.18134017318544,6.78721794345386,6.25484752892773,7.17979251306319,558
7.6864089570301,7.60802714522826,5.78440789167084,8.09679699663039,559
6.12836085671295,6.97752108676735,6.76861706945454,6.66579845836108,560
7.21754159720208,6.30327945338112,8.54061269962715,6.25406991511512,561
12.5465340940162,10.8428804898476,6.85337919262906,8.50248543967989,562
7.08342741261563,6.9395035603165,7.18531331541429,7.50035492457947,563
4.848961202484,8.23033765189452,6.44024224286258,6.57767540138798,564
5.55459818093011,7.79845218458631,5.96927114466877,8.08299176124656,565
7.36983420414367,7.1157438680259,10.0477308247265,6.40561666929853,566
9.73662580904486,6.68464502338284,5.79162967883458,8.81383694690506,567
9.83955575371628,8.09606760415499,6.17886301427649,8.07583181803729,568
15.819511918364,6.07357939100881,7.48273799048167,8.6130117554255,569
6.89655155793553,7.21526516054542,10.309321719245,8.33026755656044,570
7.13139489757933,9.74308724473193,7.20423282768636,7.14443684342295,571
13.8790491598536,12.8884619289391,6.15636096665352,7.12288844180406,572
6.79403137701801,6.13041721284642,5.97077030880529,8.15770483275578,573
4.21861535210228,9.55478413531892,9.08368837919562,8.26700713435491,574
5.32316456298131,6.93018282110117,8.06846973263455,7.08341879670704,575
80.2506331288629,9.36362809404803,6.35393025742353,6.41366027177949,576
6.28889707294794,9.16697891268023,5.88540398389318,9.10283023954014,577
12.6476486860418,8.65279718038937,6.52807381476607,6.46843438860118,578
7.10852691079204,7.61838467889811,10.4582080875133,5.42829157323327,579
16.5076358884818,6.46351380462891,8.72843971203883,6.88655674722234,580
8.01499886105264,9.59798268542016,9.91044703829079,8.93197484849286,581
5.72080587614003,9.12187804046916,10.515125112114,6.17023638575687,582
20.688691616088,7.78196703965183,8.38721639775382,8.55623270043776,583
12.4693476039841,7.63339534439307,6.06050362501751,8.74888252569428,584
31.1065573232719,9.43245415509549,7.11890836340565,7.4076487829457,585
8.96915255283132,8.06632633623974,12.4221895768974,8.35551486761243,586
9.06284226417651,18.0014930759416,6.45377116319386,5.79331228979884,587
12.7499996085522,9.43986919292024,9.59937278077062,6.00997100080631,588
12.8295467541944,9.73905358132328,6.99846878147439,8.09932056753006,589
11.7277624014722,6.68416205333817,8.97557296238392,6.6841541940399,590
4.77636101624441,4.62067405074311,6.84340951945121,7.88570680556676,591
7.23674465238265,6.94488810345327,6.45477718041906,6.98449335101172,592
5.9682671127236,7.48440732767049,6.85857492396135,6.70542492785162,593
8.42828166627019,6.11920064422656,6.59262869178986,7.12419542993788,594
7.28695727873404,6.9463130187106,7.00625235434144,7.71159209377315,595
8.37222988711605,4.94213479015853,7.5422747176403,6.86417944534376,596
8.31155632716593,10.7871891942966,10.7116237990303,7.80123634619728,597
3.39768859923337,10.949660704772,5.90663211270837,5.93287429817816,598
6.64754435942389,5.86317348943302,7.43351964616316,7.54374926512421,599
14.0529627938129,9.72185855616964,6.99590255151105,8.54498541904348,600
7.68304878287652,10.8045727027083,11.2214321678284,8.39597918026071,601
10.4710705110826,5.40882038794701,6.22530352940801,7.01842021025779,602
10.7457091902698,7.16407504182024,8.05293514002337,8.59066930358363,603
10.1530403695712,9.33775635924911,6.22069959013032,6.75784985759379,604
13.2844380935328,5.08042819363619,7.08017108158868,9.68160242819151,605
7.28966853437674,8.30354533512242,7.01809934237591,5.88262852661277,606
5.06633351751299,6.4108844346948,9.21382971667166,7.02647336482868,607
9.3438600932296,7.18768867473179,6.73395864188352,6.12730454870986,608
7.70373438264522,6.85369717847392,7.29334957326124,7.41627848903751,609
7.79042272407496,9.48323650055642,5.49676016148832,8.13730699716937,610
6.29921247848349,5.77159783147344,8.37622998355268,8.41654771305081,611
7.02703763381216,11.7984241451877,8.13074799522102,5.52609004062246,612
18.7180846949806,9.83610296155314,6.82134608110453,6.40701629442299,613
7.98739326485088,11.1240718107258,8.29713469681939,7.10556897643537,614
6.8008321620987,7.6044666049241,6.55246083848791,8.63808717144664,615
7.28332324394413,9.58525202385553,11.8971602344979,8.74595863106265,616
6.91290669233212,11.0366931421322,5.80736500760856,7.02483401460929,617
6.77085470637183,8.38959333173571,6.8042478521045,7.96921595982187,618
7.48752067881393,4.87097341508147,6.43980791726946,7.54361784591586,619
7.9039795430467,9.37747884497891,9.44705857134822,7.51655970152676,620
7.24921209197422,7.89965263855692,5.56413637052526,7.33739858909926,621
9.48737012307634,6.73637764787618,6.90188978445728,6.63797585149503,622
13.2453724449354,5.57381171424562,9.42899175164866,7.24014900984604,623
9.11949887114832,5.39253050775076,6.60457821059317,6.47380944880734,624
7.12719507395912,6.27154061377798,11.6676440172479,6.55653857209684,625
6.14927232045336,7.00350365364333,7.99362128701242,6.8069961171634,626
6.26834154159658,6.39737947737256,6.24693299529545,8.67196096285363,627
7.82036406613594,7.06626489085699,8.03226510171608,6.86966322529796,628
4.83353459651333,9.87571154864939,5.41286097327296,6.68189450755422,629
14.8571423773964,5.58429684648053,5.63921376323117,7.13232121045135,630
7.21404087505114,7.63805213025879,6.1186780551773,6.36909496118554,631
7.1327394269893,9.40090826632226,5.31993581716502,7.82518082665992,632
13.4570306816391,5.59660508872996,7.47037536876449,7.20801306372358,633
21.9800177377581,19.991151582286,8.10349007886941,9.29416259826258,634
5.75999986023206,9.55953309339344,6.42996527717105,7.69113886609805,635
5.45069080448102,7.73739800993565,8.55297957467795,6.98934734836366,636
7.68230558682581,6.14321766782087,6.7285888566487,6.54072744563907,637
8.33987333464137,8.41037214186394,7.85155093819277,6.80004506583607,638
7.45964260262015,6.38545894245655,6.7544483270202,7.37485745609245,639
6.91380401157029,6.24927022882936,6.96734999964715,7.55501346636212,640
7.47810832595927,5.15210542479819,8.93085409004234,6.86415784825816,641
13.5011464051163,6.35111856702525,6.76073191268615,6.73477231214618,642
7.48783821801228,8.2307375215981,7.21461219592689,7.17281094583853,643
9.30028413224855,11.6146045939264,8.33155179720659,6.69002502611892,644
10.4210523286311,7.47378774138741,5.98815942744076,8.84986612906789,645
13.1459040914797,5.61324404951272,6.77439775676752,6.65777319460834,646
8.95454516776654,8.56354834843935,7.86808689344584,6.37664588535146,647
5.3525854370082,14.9961688859581,5.91213654293798,6.42879876233805,648
6.07694935944999,10.5413546367572,10.9962781998076,7.23216293652761,649
8.336917204274,25.1919063161073,11.3054359175364,6.44266605598793,650
13.1691907886747,6.50968794450615,6.2371707296698,9.04461623379835,651
11.5211802934,5.86565082590562,7.84981694953001,5.90704528086743,652
5.8897748063289,9.58448575832936,7.47233200311652,7.81852566754791,653
8.27472505088175,8.24675044906101,9.65238300797729,7.5920330709888,654
7.31759994956033,6.11145792016428,9.31805641762078,7.5427302924993,655
6.32189316027491,7.06825659961077,9.10800358208948,7.77474180296871,656
9.14894343481263,13.4014923677457,12.8592741293033,7.84577092693592,657
6.82775607120513,7.76128737520202,6.28979014506442,8.44899951441492,658
23.2187444461428,5.99999986449766,6.65883476326945,8.3713775934569,659
13.5600539698099,8.29451677127057,7.17770092570131,7.35051030567627,660
7.34971624657206,14.2641735251715,6.11609894974812,7.64099582497099,661
8.96769200391254,5.16793590543728,7.68660504291819,7.31296012928332,662
8.04557696637123,7.07885929979664,7.46304142943138,8.60243181555689,663
5.43668677707941,6.17344481841371,7.59798755938762,7.97537487837049,664
7.44903553179275,9.50551623971036,5.11984609443204,6.68353649834313,665
8.12481760443375,8.70030866912348,9.83089189492253,7.06435640350577,666
7.31833682707734,7.95718614601138,8.38567692248203,8.05956414876969,667
22.6298337671695,5.81468555641882,6.6976127574815,8.31622010797918,668
7.89928036334231,6.22836026765579,8.42338614396122,7.03566907036924,669
12.6430478138139,7.03339576600648,7.39174201373055,6.08521693149918,670
6.47139564176569,8.13387867147411,5.75782133729794,6.32102563266196,671
6.83720913146346,6.29347808267585,7.47819727691113,7.14922918745306,672
5.58120027601175,6.58926478768262,7.87457439829775,7.23516919038664,673
4.71446372080272,5.56660236036054,7.88393727689578,8.53035496608169,674
22.9594916704463,6.18747653784318,6.30495662818963,9.85842487127364,675
106.430139317439,4.96124512805911,8.10798129132969,9.92588427218109,676
4.00601819447862,4.48724941049713,8.8221744720319,6.43769387566294,677
12.9119397924124,6.15996937055843,8.54401282130961,6.66981249585424,678
12.2925154948067,9.41478896101753,10.0965370615555,8.04377904758333,679
4.56311231665329,5.49456020765616,7.33248123904627,7.05576408443903,680
7.66009183886108,5.81538445309062,7.9378106749739,7.02488695010937,681
33.9305159377025,6.12121193458643,6.71090553155099,8.94193638365909,682
5.01991901020001,8.01380646636464,9.16786165803663,7.87243089541674,683
7.88461518806347,10.4039459457346,6.65538985633541,7.06844153290627,684
10.2218770867284,7.91149421952774,6.25643549534116,8.63367833189639,685
5.51894363258232,7.84376432923735,7.25165497342142,8.20005040382169,686
10.7274332288382,12.1205688317392,10.0908582452998,7.57379875173401,687
9.70679989353545,5.28326985062074,7.20563370063146,6.67018944228036,688
4.66184259279554,5.06147877722456,7.28875767619992,6.96850952895296,689
12.4607089835016,7.02771461045777,8.6949517481573,8.66869131856342,690
6.33720205350875,5.13095373384841,7.09474282777525,8.78337981853365,691
6.0642352091302,8.69616480156596,9.44833553354104,8.20881025619118,692
6.70488831174919,7.75629798734332,8.38061940129731,7.00847827506255,693
9.43106538942886,10.0090522843635,8.2339918760131,7.06284675058721,694
5.51312590700769,7.94482950184733,8.46992151492791,7.10706052318221,695
6.88628925028835,8.21590982798798,7.30956142705911,7.31677906442328,696
39140.1456752141,4.53409081635388,6.66378880109547,6.62675271916313,697
5.48928533114491,5.41428796597008,6.03280159871916,7.85200924727888,698
35.7790697989206,21.9246206578041,6.51393415223667,8.08137588873772,699
6.63425378805244,7.95876263757508,7.45643716640039,6.64899653684435,700
8.08144606856876,7.22740282517347,5.85593653053269,7.85070023382971,701
7.0119631803447,8.14405769045032,7.26311372751753,8.86229584217343,702
5.71111098385252,8.88534771043306,6.7546593354854,7.16823330995901,703
14.9152536992747,5.65640779786346,6.54902271490632,7.22035894624414,704
5.03146450435322,8.046564644125,6.41745789534715,7.37913306782052,705
6.69706821394864,7.48856560426847,7.48247228560483,7.80251266395585,706
8.35186386007691,7.32354820507189,7.14598386867246,9.04566132070743,707
4.98075855003311,7.20468261236,9.48838600214309,5.92689739976234,708
11.1797952350264,6.35167008896245,6.90392640339195,6.8029343835333,709
5.71323514952393,5.6798505335371,6.10472363916526,8.80060880051568,710
6.28195142489919,7.42512154693493,8.03509209029265,6.39542026513085,711
6.34635090372867,7.20435835172688,9.18969822588689,8.23117343171339,712
9.49554549316202,7.98299340213601,8.10268017211532,8.11410736486745,713
11.9399994913321,5.15943730782075,7.5223843560535,6.24078229822242,714
8.87796216448634,8.69306727569498,8.68697230550404,9.84209968174551,715
5.55161428698756,15.3340770775912,8.19714059256424,7.94660360998543,716
10.0248012564955,9.6644856267472,7.63147518872299,7.15447618031856,717
9.38519841809755,7.82253156315317,8.04020039530637,8.4647216497328,718
9.04263528112542,6.35771437022147,5.71036820649588,7.9015565039279,719
8.49708183565875,5.8473303437263,6.65764480216186,7.64193342197726,720
8.13278306256123,7.53496039225352,8.38805272577233,5.79764325199898,721
10.8682816775144,6.47505765092478,8.04146773536961,7.92097840079452,722
7.55886162660848,7.65503075131154,7.15240385171194,9.41093236610351,723
4.80400372746831,5.44275773962314,6.12186215584273,7.06987581200533,724
16.9548626667603,10.7721354958359,5.73735808614434,6.70472698757691,725
14.5700180805467,7.07125994730891,7.36118556262298,6.67300628773773,726
8.71012549530662,5.10941694255324,8.46060586655936,6.50966480882224,727
4.20641703184508,7.45522368817568,7.73646354101591,7.33577462024216,728
5.33580891609944,10.5097771413659,6.33871543334828,6.81493247326424,729
5.24931708127149,6.59625387699265,5.17761553763981,6.39694755030858,730
8.64705859983659,8.77278887695262,8.94772276163013,7.29511008191272,731
6.02055921231165,6.96971494352303,6.2641533001373,7.41009560224543,732
10.5126069568159,6.79218720844939,6.75930712134567,6.79097727573649,733
4.95652161940399,6.13900017624057,12.2044059195874,8.05096772336717,734
6.44964370985303,7.86131892831951,8.22696630330415,7.65795889507029,735
5.00562886217225,8.14116922283206,10.7072208684338,6.20877696192024,736
8.44966064591536,6.24581684778929,5.73942612497429,7.10538807237584,737
6.27371045846767,10.0370161809227,6.3340278504218,5.66677886948417,738
6.45222361694239,5.35880432743101,7.02069516709285,6.83831765914578,739
5.75715372773774,11.1206910886261,7.63271297263088,6.70392835622181,740
6.62169195991336,7.62304060756207,6.62455178917973,6.74506112532329,741
6.27866457158907,11.4025307485472,8.10859756611808,7.18796323956955,742
6.83951795661543,6.03178761075873,7.65084937339001,7.74809201216957,743
55.1521163116523,6.38215721177339,6.92701626846627,8.4446644616572,744
15.1426524213214,7.2735759049375,6.86603118603251,8.41608023641538,745
8.29830084667882,7.18368778812621,6.15424757546193,7.01884103881583,746
7.92577816574034,10.5023771244112,6.43017559071835,8.07890201058094,747
10.2658502125711,5.85250430186266,6.80434748077291,6.25769798731261,748
5.47820661843423,5.37666350317639,5.46530136892941,7.77621875200896,749
7.16241445683042,7.70242401133766,6.85131513901995,7.72922727772749,750
6.84967901365876,6.33835649448835,8.77496351012993,6.87282988470224,751
5.76558095203583,7.39309635762788,6.53783251482351,7.5242268373325,752
11.6769102779353,6.91586469896154,8.69228702360231,7.4921565999069,753
8.41935448060467,11.230919083191,6.55692272058716,6.67608319277688,754
5.39047922860849,9.29587434552007,7.48083887081755,7.98420156696757,755
10.6268253369649,8.19573966355483,7.19784246224899,7.37324971377563,756
7.93321940066708,8.51719711961237,5.39029949913356,7.67462004910287,757
4.75286578386687,6.79199236791978,8.83217538912465,6.60063715803223,758
10.2280544280796,7.5305954930034,7.37572458266894,7.87749059297803,759
5.76663505053617,6.08320008608525,14.9726453269138,6.41613663500872,760
8.7953053846885,8.91220966821999,8.86987206029865,6.49647668597654,761
11.1712590184799,11.0948454068835,6.59284825757623,7.02238137597712,762
6.85851235442705,11.2082108048048,7.91403268114341,7.5776737577747,763
6.60211415173382,9.54403635398031,8.17941969054397,7.19796330851302,764
4.40785515179629,6.25191292857718,8.53555603562543,7.73759083435579,765
4.80459996646898,4.78559653000311,7.08884794488922,6.66503561935555,766
5.21052619419913,17.2968284789644,8.1515059568947,5.97965904115422,767
7.61542118635042,4.55758019462432,8.10060436559409,6.84012044382419,768
11.1465550797891,6.1670912167274,5.61679188551836,7.78270063762084,769
5.66772402095134,9.92774312140827,7.76580126384615,6.43143274065529,770
9.09970751099237,4.95884752913332,8.47626485062799,7.06842931924607,771
5.81317917495827,4.96049441860186,7.38304550348142,7.9829801712346,772
6.65907751349344,5.3641425600764,5.92462075621347,5.40953708997638,773
4.17995662506966,5.34760713109287,7.40983465102477,6.9813947732436,774
8.73796122405425,6.72296715438633,7.40738861605824,7.53698135261956,775
6.32097495570683,8.17465363453285,9.02379866876438,6.47890400713207,776
7.22507574642838,8.66187831938587,8.57282797461817,6.88602579904874,777
6.15418063155631,8.94090922008292,5.9529123168299,6.50236207684438,778
8.25101890575487,5.41439666899119,6.79903554271658,6.55711822295102,779
6.10865684211914,8.03560403956242,10.0888319735404,9.22584551773182,780
7.79112396683428,9.981993695532,8.32948697410221,9.96706233377559,781
6.24324996385609,6.16317930155016,6.32491091079832,6.57120775928726,782
5.22935764938022,8.61534666890929,6.96292239012424,9.39206083677134,783
5.10977382485027,8.11344210937452,12.1946074472922,10.1889585065761,784
10.5584141770495,6.89219920330283,7.44836355308415,7.60979634574042,785
6.18682382176851,9.01288636655892,10.5176624625292,9.64574721557056,786
10.1578944708704,7.59373317042767,7.35859994115039,6.02107716966192,787
11.0357138434034,7.03846134421212,6.86896485832558,7.2533533390587,788
5.59045334027494,10.2560965336236,8.54829060128397,7.11101448105298,789
8.54075102633385,6.68013445960075,7.22321547174724,6.89179669603963,790
7.71428555839692,6.56752279503088,6.12987345429759,7.41509015313417,791
7.36438334210291,53.6876837982687,6.23218322598757,6.56989417656638,792
9.91611458820939,7.06225082045497,7.68971316488544,7.00528369838416,793
4.01416421379204,6.97802334633421,7.68733173100245,7.57453441518389,794
11.6350662321495,8.2323422368651,5.59794964419561,8.03685799028352,795
4.96550624047176,5.93355748680102,5.40982972562525,6.36903522423479,796
6.41439814411983,7.88954369069577,5.66438351212149,6.75567392714931,797
6.1967236962827,10.7368692694968,8.75302113155976,7.39972035321696,798
7.22108818762956,7.1196463342145,7.53320198972487,5.90613665075587,799
13.5653089890431,5.58722906887196,7.85436690869417,6.81957411723932,800
7.24106900476199,16.5495253350812,7.0165904717679,7.65908840255175,801
13.6243389710297,8.90800373119617,9.8355292909057,6.79616733449828,802
13.1820526733057,5.83008801456514,7.280490341334,8.72521953027677,803
10.2232443049536,7.26786725564467,5.88316373821651,7.9248736565326,804
7.95187627495465,5.05359294902759,8.99786762895222,7.08599740014052,805
8.59494920967851,8.4774699993632,6.91293969135005,6.40371088239879,806
6.06371177228475,7.05164985655802,10.6764164454196,7.791601755375,807
5.79878099342061,7.78771292643747,6.95712050496396,7.3611046750689,808
9.56285848588825,5.35777309192301,6.98203046364461,6.88007304178304,809
7.56800346574409,7.07971462595561,9.34134023252557,7.09632395659689,810
5.57479007585293,7.56512250990961,8.43297637931448,8.35545296358936,811
8.75523442633463,7.64999977685147,9.14060597672738,6.89228378019523,812
10.0769228064074,9.48709093148376,5.95053190909334,6.42122843129436,813
5.02094465237337,5.91761896447566,6.86971734305749,7.47168843918922,814
13.5904044611628,7.35904243078038,6.67143620640172,7.75882961202526,815
14.0904556483598,7.74515131061056,5.70594960379243,7.37243425771452,816
19.8439095230717,8.98656702655477,9.58009200717423,6.04418143721509,817
19.309445712914,4.59569022396499,7.79530646570579,10.5489535309645,818
9.34366540887093,8.69346874299182,6.75423454089879,6.10581162810011,819
7.31352137257898,9.59537013633313,8.76308470840712,7.38212194429878,820
7.98169471419204,8.77941148633649,6.16012339078011,7.07369158430944,821
6.4280807210495,6.86371737611637,6.12860850010717,6.68859938901979,822
5.63624664553944,5.79975340732723,7.66379580814463,7.23627767725785,823
14.2774865327141,9.32629161421858,8.77412657993665,9.21761291522827,824
7.12823660146738,6.32385980157478,7.63459910062108,7.33473245194991,825
5.98865766979414,7.01749303667303,10.972496779136,9.22415198982099,826
7.65011194574344,7.993249906615,8.12246064830381,7.15534696889669,827
5.99266933108882,6.22403612779099,7.20501643115472,6.55423042607667,828
8.45833313162894,7.13883039283388,7.3143987202851,6.82021508736658,829
8.78300052312783,6.09306199937496,6.54241230890112,6.94835816363988,830
7.38428978689942,7.31398537642147,8.19398981636821,6.534006928606,831
5.79939199133312,8.84822100898092,7.33562839328515,7.95614582105519,832
8.17029839821168,5.94926817184938,7.61704272492796,6.20022229523631,833
5.24487867889456,10.9383421023659,6.83481099265565,6.4887551612728,834
6.30927816303849,9.11222471309377,8.13206462613558,8.65557427858986,835
6.52094017235271,9.30044356127219,7.41599128786552,7.32973974168493,836
9.16965099433305,5.02049345902929,9.20079558720096,6.98226521173382,837
5.03311977136205,7.44792325589473,6.30525835390104,8.36473724994237,838
5.33212864767013,8.2826158158028,6.00462437486391,7.30726625232255,839
9.04545419016015,8.44071678603156,7.18984463969937,7.01543016815107,840
6.18842380929557,5.45013733281124,9.15038242952236,7.88618633590095,841
7.2121648557019,12.4208292166865,6.13204768998591,5.98279786117965,842
5.18477581547992,6.58693756744538,6.83091172413661,6.22435994856515,843
4.02034644751692,5.70666866815315,11.2489926732805,7.37207177883213,844
9.11505320223222,10.9744332199607,7.11200712049055,9.5995344897255,845
34.7483730246544,6.466283262068,7.03550147915537,8.06899834340612,846
9.32297714293188,7.51676214848504,10.2719567485097,6.05169233468747,847
7.71868346089733,8.00769780301042,6.06293988278447,9.10126593838514,848
13.6717596005988,10.6357978482654,6.9428750036597,8.38686126373047,849
6.70333517354323,5.27716560402622,9.90346961095666,7.78278203856448,850
5.8529589232144,8.00216241990887,6.16875285273236,7.11176046845508,851
8.72057729150156,6.97358271925236,7.02137559230744,7.14473163522333,852
6.00035353785645,6.96795223408603,9.26746026434697,7.13952497903149,853
5.63974434501021,12.2690520144537,7.26641445634549,7.41504823136313,854
6.3614108203518,5.23732171307665,9.07574644433371,6.80893313462587,855
4.83907568615609,9.33547054357596,7.10359749676912,6.60869671012046,856
7.18057972536407,5.87939935654438,7.80855797803313,8.18749071259124,857
13.7338877698008,9.92575407231027,6.61295193397797,7.29865829941467,858
5.31075005336452,7.06331572231917,6.52095411663745,9.56776128638081,859
10.8557166748458,5.33264304677521,8.00718032306079,6.98062228077925,860
7.61962419516812,4.78086667848009,6.74551542360858,6.40026226398911,861
8.33613096453052,9.35407895646934,5.73622550284428,6.19826924599616,862
5.83028706868835,5.01008084350139,5.74401234396353,7.87067328473612,863
6.06335096636318,7.48381924380103,6.70051052775353,8.5792290211726,864
8.92388966817854,7.29958787061356,6.78105928539858,7.45782135363094,865
8.09183343431941,6.05522193752658,7.24137851173833,6.90636206482762,866
8.4044514913945,6.71935600521902,9.98844402755295,6.5857020023904,867
13.1549873383494,6.78114778338194,8.06204981843065,6.84776285263739,868
7.30891214493083,5.05760402319829,7.77475536194847,7.62512696785659,869
13.2257791619278,6.51308329808659,8.29276391579113,8.68976507238869,870
10.7298374496247,6.73136718430829,7.35003536731119,7.03202667327667,871
6.56656285405731,8.92601886573797,7.23863685067591,8.13102688881155,872
13.8165134004872,9.60465908552767,6.64287511182215,6.21335425237976,873
7.21942802575193,5.93362201187278,5.47571606459035,7.03074223508934,874
8.11756829837818,6.18820700246315,6.16812516864559,8.81849968510605,875
6.5623480643266,5.3503809274018,8.78318601833844,9.29489341407942,876
5.672243671229,6.33415951487868,8.25418931301504,7.46431010220741,877
15.5147084206301,8.13228541055861,6.49434036737008,7.52009398528759,878
18.5891885860398,9.5048352108492,9.10763531474771,7.72566792253294,879
13.3504069047411,8.0471542402873,8.22201041209802,8.04481138339319,880
5.09936895955366,8.29382766758246,7.59355577353034,8.89417719853058,881
4.65708555456948,7.11257194185813,7.75984501794811,7.71187818594523,882
12.6532633568533,9.62730481572692,8.79274411357014,6.64665465386552,883
7.7356465162542,7.26530891183421,6.29037266891,7.16182801532536,884
4.10922463728134,8.53264575651526,8.00718992253771,6.97507677321698,885
11.2293533270948,4.8306602514895,5.98202055963782,7.69942430744211,886
5.61728377459869,6.9137929265325,5.21466838335367,5.64342847253284,887
9.1801438756493,9.85087840058445,6.64719463609323,7.42243129062233,888
8.80925689499914,9.13517749980025,7.8041212097605,7.72821937328096,889
5.86086303234468,5.4682848685006,6.71518028209641,9.99222230097802,890
9.13365002885434,6.99472788161148,6.54854382187379,7.07511034982662,891
13.95579504501,7.22466938717172,6.91758261234494,7.14654474179723,892
5.92457456374198,11.0927911870353,6.67559780970582,8.34046274024497,893
4.95793816815452,5.99190054039065,7.93341650432255,7.93405492022755,894
7.10417834935054,6.56543413735537,8.9399681780193,7.83731256578215,895
10.3382735277117,7.32403667743937,9.25759146781171,6.65601628607373,896
14.1943301355516,6.78883114851754,7.39392748881947,7.33062416983741,897
11.142608583009,7.54531518579242,7.4724425882834,6.33254137778163,898
11.1275292820877,10.6623521417151,6.1410019150937,7.3460780701652,899
5.12033887651509,7.41725605054095,7.41129972985505,8.10212637381332,900
18.9924137702956,9.34998610415603,11.3278499513984,7.65296759800688,901
6.9018626480477,7.55975677015868,7.43386971171868,6.97650457028804,902
6.14374476922847,10.0109973323573,6.69242860849059,8.34085590636486,903
7.70175010481289,6.27057627838851,8.53151509464954,6.77809623015619,904
4.40452337576287,9.88091089150365,7.28115230310846,9.76287116544292,905
6.55167310137274,9.45740990352206,7.20826932823952,5.62176029059908,906
4.57404798460362,6.8762459616019,7.11550861793983,6.83813797190587,907
16.5740672295903,12.4287402927039,5.22002446777331,7.33210121409817,908
4.54283285164651,8.05621280356941,7.261867490347,6.48356499560329,909
5.00657016728151,7.40544695408585,9.15884533322748,6.11605745595156,910
5.81155691887153,6.69642844847032,6.08514417367771,8.69121836586193,911
6.07009848481541,5.26912971904012,6.43610390246622,6.96108125503412,912
6.83958868209226,5.82758605200273,6.29982393377521,7.43510269578667,913
8.80938903728572,6.76603979293986,7.57605487910216,6.79889411031585,914
4.6275098382907,6.17917347150955,7.36417682653095,6.84762960864348,915
7.06693521546206,6.6711407471999,8.36670857972194,8.00664683382892,916
5.00827627281696,7.26084250387372,7.11180035130332,7.47379079253101,917
5.90230435493211,10.8264413493063,7.46565150509879,8.36511306796091,918
4.86936777980836,8.20462739355764,6.93119135207501,8.04891840362499,919
6.75124909491068,8.35840652854299,7.09968086046939,7.35496383193103,920
6.02118214038047,10.9631598324369,6.64927927702308,7.48069275344573,921
6.74181800692166,6.32017141058777,9.15047565874952,6.58146399445383,922
10.1855412645316,10.4703790779512,5.42076771263934,7.47804227417159,923
11.5347401689472,16.7693394239069,9.22801672502322,8.69199699799759,924
5.58165479010763,5.41523750880966,8.14532004839425,8.01306744603806,925
5.79257320153864,6.15411688999528,7.92043317268905,7.76147231045199,926
5.87887632126467,6.63187031611454,5.84083792407247,7.00159026799926,927
7.63283936893112,8.16364242357303,6.11738721805731,7.85196795311457,928
11.3318338399874,9.18736443923794,5.25610493963123,6.46339570619993,929
5.169622461385,10.46196703647,6.84910908371706,6.65962667120622,930
12.6105917500263,7.43827637836037,7.41142951972095,7.64621209787062,931
6.30702486681527,5.56125904243348,8.88130434085306,6.94573815073662,932
6.37829012856724,10.022975365395,8.62941670014494,7.0564300983954,933
9.15371473496815,5.40563072203307,7.39769405824752,7.74182468239509,934
5.92960319059029,14.0360988437787,8.70176001645863,7.74144372391272,935
6.92155873701104,8.02002775943359,6.23979219926388,6.89704880986062,936
5.44723344755318,9.05335417028865,8.18145878398721,9.51342572364674,937
10.6863674478787,5.33924423633238,6.52153908451414,6.61382633487309,938
5.70326002006802,7.5507703221115,10.3374360314947,5.66347629407657,939
7.49728427775356,9.71829497910886,5.69519102829641,6.66076713777068,940
9.40740703521635,6.44697390712768,8.3354013877644,6.6690257111393,941
5.66973687537906,5.45179259851378,6.95315588187996,7.02443894149226,942
4.87246209797291,5.03598492807161,8.23212639142488,8.42227456204271,943
5.1393636668158,7.22525065643842,7.82167226939959,6.59317220591451,944
5.05976274191606,6.9452929238231,7.14562985767971,7.27080361222097,945
7.27058807777607,5.32267189728753,7.27599807293076,8.93267700658025,946
7.95721900098914,9.58852346734253,7.53762811555985,7.78368530699293,947
18.3121820604125,6.60527155291723,7.11144422020795,6.51116960790598,948
4.54979363287462,6.72141606457859,6.85791340900472,7.94027849124229,949
9.96527746220775,7.19848355627997,9.13653488840469,6.19888400677756,950
6.58925646320215,7.89177410290188,7.94910706138126,9.1497492178113,951
8.28092760522877,8.81799806541827,7.93132175103297,7.34642788150201,952
7.04509306580832,7.13024100267623,7.33095169818483,9.05690841423932,953
5.56440936034346,6.87465493698068,6.76097263187699,5.73638162593474,954
10.0621577978276,12.9668808128063,7.66933337391119,8.59182548284936,955
5.06372440394339,5.68026221165448,6.72961855780374,7.13534227778767,956
17.482898235088,8.76261882794473,6.81253634302019,5.94974101901183,957
14.381471025469,6.17006117172904,9.97166701337865,7.37361515400061,958
5.73525198899032,6.51898725660427,6.82631160290146,10.0468584664527,959
5.46563019521345,10.4219128688287,10.0094062968602,6.73822715349709,960
13.6216210796651,6.37168500578106,9.46139284370035,6.79003646980476,961
4.61807567918631,9.15036970881769,7.65382060766879,6.23902346733569,962
15.9534569670263,9.01566984167343,10.6984228236751,5.36591893844546,963
6.77872672799705,6.57549489637324,8.77227005207656,7.65966825090192,964
8.40398646223587,4.99732027800299,8.42683342884879,8.48000804505771,965
5.60307202407528,5.46422729131267,7.18495510081566,8.33170686965317,966
8.21568944530747,7.78386879936728,10.6113748435207,6.66540597487992,967
4.88608768178878,17.4176889449945,8.79020009980018,6.71119930021759,968
4.20684003641705,7.61876403846083,8.10097847344711,6.6382223543696,969
6.18047645732502,26.5540449762956,5.32070386816521,6.08794609588719,970
11.832929423319,7.34059299624106,9.34743979276027,7.77240474489685,971
6.44904615206285,6.53729261737579,6.81129486409937,8.69570626760696,972
8.29294789676574,6.04832361503886,6.31957817376995,7.22124415709744,973
6.62501616258397,5.39333176121148,7.53807745962953,6.74937438618445,974
8.61054374985607,7.36667900521231,5.76748569455015,6.36651299774808,975
7.56713496309474,8.39458970670745,8.24113896285608,7.47438620540852,976
8.05301492795465,6.89888079052341,9.16804871035716,7.03777684618048,977
6.31395035514823,6.10688790068911,6.36225698854105,7.39119602474487,978
4.17643729439949,6.9866692104751,7.75537130673522,8.78597380957883,979
11.9059824848867,6.71155724575223,7.68800082731084,6.70126882776209,980
5.32935499781976,8.70805557288698,7.20112146371662,6.7633183151798,981
11.9368418290522,8.53865812272227,7.79202985506896,7.00095959281069,982
8.0061705491411,5.88632471070643,6.72390921152849,8.19305386760281,983
6.18009745976565,5.40516410552694,6.98964038017595,6.87753783001641,984
7.27398036313036,5.04641706687104,8.2362519018733,6.99699557846099,985
4.52436134604373,6.6910059741906,7.08149995383798,7.62580569821058,986
7.98741346493982,8.68024473094093,9.25122599411575,6.94755354554095,987
9.22700539731427,11.6179855690671,6.70752683861204,7.91593802923213,988
5.70481067726529,7.47580744766867,9.09657766728494,9.0722745572587,989
28.1904185929718,7.67422541078649,8.18290746051808,8.6906707618524,990
4.45760200261937,5.49815575749984,8.03818466118862,6.88951671901025,991
6.8152172081078,6.56650943636621,8.5801056185296,6.63336886480733,992
6.40607775545054,8.388455815682,7.0209852778667,6.60585339223489,993
6.11637422502063,5.50273682116445,5.531342532589,6.56233466095849,994
13.3999995407287,8.49250456975543,6.26631655506759,7.44658641910872,995
9.08764342898182,5.33230966031396,7.58049435943377,7.85972512359433,996
5.68571413772586,6.99018872663726,12.8252366189191,5.69330532367518,997
4.86482222315142,7.57620772473907,6.73644323087684,7.60760399926426,998
7.47304998302908,9.37053482923735,7.3001194734349,7.30959539256201,999
26.7588857973373,4.48958487610227,7.85192417919397,7.2752719734387,1000
