"","500","1000","2000","4000"
"1",12.1383670127861,17.277229494162,24.3297084609147,34.1500715271169
"2",12.1160724796245,17.2550105687901,23.2857331119051,34.3005730686305
"3",11.3584219358572,18.48557394614,24.5072517269427,34.0033784791278
"4",11.1465826025301,16.6328615772993,23.8920641675926,34.270079569609
"5",11.7860775920033,16.8593644310899,23.4361072298898,34.1122471368749
"6",12.1041731580115,16.6654911725715,23.5062230868229,33.8864281488211
"7",11.9585944568457,16.5527875792334,23.8033322003485,33.568699119335
"8",12.1081300329541,17.4348762189629,24.1032432274613,34.0865824935781
"9",11.9026196336549,16.9260493744657,24.4888342198668,33.8697041176317
"10",10.97076377412,16.9942628510402,24.5317666817775,34.1734514868923
"11",11.8900615912444,16.3580356553991,23.7679279797905,34.4137503651563
"12",11.6763095611736,16.8889914127544,23.6480350562131,34.2744144819168
"13",10.8457180365107,16.4492175116735,24.2294846595484,33.8025822563188
"14",12.1046782218931,16.0530161736196,23.3431202511765,34.4596194026431
"15",12.0798725895061,17.3001792104473,23.8558783780197,33.6553513430201
"16",11.7607530672494,16.7982251187054,24.5937343399906,33.1613292533961
"17",11.7666983275948,17.0337757346807,24.0572030322038,33.4798025155512
"18",11.2702956009873,17.1962999254443,24.1140883602624,33.613825184571
"19",11.6945715953437,16.6565556437559,24.4252404669002,34.2841501275988
"20",12.2129134756555,17.5795074613249,23.7071719838061,33.2345780505687
"21",12.3206751321223,16.3935558072289,24.1514075780209,33.9661994497203
"22",11.9210239346742,17.0017248091381,23.8979435984309,34.7704202541579
"23",12.4370603621328,16.9844231987414,24.6536485024299,33.583222245721
"24",11.5239957345393,16.5580324414202,24.3883531932018,33.6623639965374
"25",11.4251331631796,17.3732794045126,24.0706434894508,33.6596584527604
"26",11.5153012578941,16.6053276034022,23.7065647357524,33.9553997435487
"27",11.2591283865744,16.7911964284266,24.9398856396928,34.0935578256281
"28",11.3558910887166,16.3309048055163,23.9795769727901,34.4971059951306
"29",11.3762270906198,16.5543247079234,24.4809786301306,34.3709384453149
"30",12.0530484480944,17.3443738917819,23.6554719708123,34.266389494793
"31",12.6961828555873,16.4716420112423,24.183026898285,34.55589425246
"32",12.0552636786336,17.1185681034722,24.158017267406,34.0625649938694
"33",11.7977797003571,17.1530776112184,24.053797997913,34.5471891662677
"34",12.2364514235001,16.7808337683156,24.8221036878719,34.084970192179
"35",11.3621959999343,17.0900825850478,24.515746324648,33.771355122222
"36",11.2709090688505,17.7004194479335,24.6346191839641,33.908381011265
"37",11.6668801226008,17.1377613491226,23.7747046122109,33.757212830768
"38",12.2088369501492,17.0789326154866,23.7116277379661,34.3716107863268
"39",12.646331381004,16.1069319765141,24.187087508841,34.2185569593687
"40",11.1771517857692,17.3763640193243,24.144491985489,33.8577946203795
"41",12.2858410997509,16.8609874887414,23.1649813661285,32.983564176173
"42",12.1922748926101,16.7501647237912,23.3865085120327,34.1111691191707
"43",12.9618723699584,16.6189029946394,24.1706142076975,34.1804242843656
"44",11.3042523468528,16.7403003309468,23.6755171369787,34.6276875404043
"45",12.2614111028215,17.4967899597939,24.462350639939,33.2479071874727
"46",11.6011982707509,16.5159456443729,23.5836385032969,33.6960516576836
"47",12.4679191248561,17.0023592649014,24.3168716762626,34.0369772744984
"48",11.7667938132745,16.1575782712873,24.2801856277124,34.6703177540726
"49",11.8732691460811,16.9307919784262,23.9763987542428,34.3579650012777
"50",12.4806515452399,16.6135526910954,24.794555541144,33.9501279735719
"51",12.4837631039757,17.3033497625468,24.1375720743183,33.8036603032388
"52",11.8822023652622,16.964164528031,24.6014763950219,33.5700387218255
"53",11.1079072907525,16.7350985387712,23.4302902337399,34.3453979653395
"54",12.5537299070059,17.468570399792,23.3006315413089,34.6181869143505
"55",11.4032103058322,16.8336541090905,24.0151959833942,33.9648851971227
"56",10.9331847078217,16.808960172073,24.0939111957325,33.9888668567881
"57",12.1664632878606,17.3394916846058,24.2796339687998,34.3825226252443
"58",12.2754020864711,17.0098012859608,23.7372560053034,33.3687268169034
"59",12.1192957144006,17.2213770316662,23.6567511333039,34.2301460293324
"60",12.235097160821,17.8498550076285,23.8454080888869,33.7068835072198
"61",10.3426558526181,16.8453400542064,24.3582067691076,34.3324981217138
"62",11.7815808872132,17.246779561297,24.7369638608369,33.143359111468
"63",12.0292226032448,17.7739904399044,23.760122735585,34.287238482964
"64",11.3911142028055,16.0210057726139,23.8949252018574,33.3105197475058
"65",11.9255621707683,17.2890222607866,24.3178441157932,33.6397654709613
"66",12.2029651205292,17.1024131435711,24.6700473746619,34.5866340104938
"67",12.6167756302999,17.7294675990473,24.0329138800743,33.8396559149711
"68",11.4157284308038,17.218535570883,24.4323621326627,33.7018826279206
"69",12.5569309091352,17.4359046264713,24.0039632454608,34.4486819306498
"70",11.3495770494944,16.9681920694882,24.5504309001784,34.2874378759656
"71",12.0940660372561,16.4210463647083,23.8131008817494,34.1079776202934
"72",12.3666080750394,17.2170011557324,23.2247401698303,34.4091632114563
"73",12.9579464912367,16.8023435707463,24.3810077563563,35.1103160404414
"74",11.6285347173793,16.0409796106995,23.5375436897798,34.2860303297031
"75",12.5723339953411,16.9541745135223,23.9460063669749,33.9870441241781
"76",11.9264378628446,16.4991170984051,23.8849649669851,33.7421164322196
"77",12.0832725625991,17.4206900547048,23.9886179607454,33.6986147067212
"78",11.8059224550275,16.6934105151562,23.5328826841715,33.8178673229042
"79",11.8977783000584,16.351259822865,23.6150449213775,33.8980569967935
"80",11.950324037551,16.8974807342726,23.8550991076973,33.3878099994552
"81",12.4618623413383,17.5678634146002,24.3807038968246,33.4182008986526
"82",11.8296980595202,16.6008160270762,23.0949412642713,34.6662489085019
"83",11.4772950267966,17.2959532949886,23.8036058015554,33.9497964117191
"84",10.8206271518944,15.950151118818,23.9889078467278,33.9545974736472
"85",11.9312186816174,16.9034499550366,24.3476663827247,34.2910696085543
"86",11.9237494795893,16.9333084352077,24.3138513213384,33.783375136656
"87",11.417811504461,16.4021405138386,23.9914178668225,33.580793975371
"88",12.0953872646498,16.5412626949988,23.7387840744342,33.3856553727052
"89",12.2678310609179,16.5029319995053,24.2957414989158,33.7961771162436
"90",10.885356111902,16.3202074134316,23.7265659987213,33.2669132436106
"91",12.5153326987537,17.1728004368865,23.9777983460395,33.855634701811
"92",11.5156285601544,16.4018062259407,24.2497260361876,34.5649445869277
"93",12.5909573242401,16.6630952297668,24.0184267000094,34.769672294873
"94",12.3574789259772,16.9965390130782,24.1720493855349,34.1920720262268
"95",12.2331519693753,16.7135248219595,24.2217035573497,33.2055139804634
"96",11.7181604252248,17.5623159750562,23.785046468903,32.9967396140059
"97",11.2650231633229,16.3794332672814,23.3872311134025,33.7246213437179
"98",12.3418956012311,17.249496662305,23.7934390883459,33.8662593372007
"99",11.8457501893584,17.1802765489823,23.0320439870647,33.6617902298668
"100",12.1072314342109,16.6207572081718,24.7356625697235,33.5879889594295
"101",12.1078311516218,17.5122745282867,23.6942421664113,33.9156428968869
"102",11.9302711094002,17.8549296007213,24.0529952569351,34.0176461806533
"103",12.6996688310538,16.3824916823107,23.6863615983113,34.3978469264026
"104",12.6941854189637,16.8843072314499,24.5845734684457,33.506926606775
"105",11.9282262954519,16.9232278864971,23.9693785779215,33.9953596545084
"106",11.4039967202283,17.0993467869648,23.432566105335,34.4400098649978
"107",12.5959690376036,17.3033488557445,24.1754303797163,33.9997074164541
"108",12.4048691724554,17.3368793819258,24.0543108865304,33.8773174594749
"109",11.7229481451972,17.2159374215182,23.962526404835,34.4746203706485
"110",12.5186580693788,16.5035308399293,23.5180277818698,34.1875828205259
"111",11.7962155178488,17.9438352757477,24.1938017477439,34.2453413657899
"112",11.9277890273463,16.6985148086002,24.0519409874779,34.5225498489816
"113",11.8908789833186,16.5702843481095,24.1897043846573,34.4726111108209
"114",12.3821603749607,17.5476236601555,23.9077883072611,33.2474942331266
"115",12.4532205918638,17.012708333262,24.9178258202912,33.4543717159809
"116",11.6743104673148,16.4854346372619,23.726808894856,34.098854391523
"117",12.4696531759474,16.925101796227,24.2571783585638,33.751606967572
"118",12.0049338892797,16.5101073752575,24.1461142697836,33.7621593193846
"119",12.4835720637529,17.3048272920491,23.5186958406935,34.4379076899938
"120",12.1730161557107,16.7184536388499,24.4217013728342,34.1605169414227
"121",11.9949233252813,16.3126643804744,23.1829612403477,34.2905665571522
"122",12.8705626188751,16.9148264995347,23.6136619000283,34.6021895976281
"123",12.2103437972233,17.4679225713447,23.880267241254,33.2232263497374
"124",11.8381412632319,18.0330697243233,24.202303884142,34.5174394985129
"125",11.0171951025488,17.127087664513,24.1488797050867,33.6158291863476
"126",12.2577796386574,16.8997991861815,23.6904406277367,33.8328645132664
"127",11.2371518678959,17.2855448978944,23.7980831266412,33.2152187181259
"128",11.3138458798295,17.7538382112707,23.4837708343662,33.631930502668
"129",11.5464984695674,16.3151723763109,24.9532016701324,33.9495238375425
"130",11.9402561937436,16.1767365878366,23.6200556740786,33.7961997537371
"131",11.2179619471712,17.1292929521862,23.1503768048419,34.8765388402967
"132",12.3916860217183,17.6772425340237,23.7164553148196,34.0626376181396
"133",11.7592776857773,17.5569866180677,24.3681603158072,32.9879733310905
"134",12.6162335930652,17.679892381864,24.1073128961965,34.2738566992121
"135",11.787214731226,17.8452817547735,24.0682501748418,33.6478529269859
"136",12.0671727359339,16.94365832002,23.8999734425958,34.3085746503849
"137",11.1787994782559,16.6308486896878,23.3396263300812,33.5707901781085
"138",10.9198644274605,17.449058927143,23.885238809391,33.5909654956299
"139",11.9634634248395,16.4427469506338,23.9718469508706,33.6928169382978
"140",11.556555180713,16.5974938687782,23.5732662380159,34.0724472893249
"141",11.8170131476268,17.441742923569,23.3823342994468,34.5543399235677
"142",11.899181103356,17.5120799535764,22.8619602936127,34.4622026359942
"143",12.1879322513862,17.0976714614908,25.0884809753065,33.9155833877097
"144",11.3486146959924,16.6578182050251,24.029599550177,34.5377074818008
"145",12.5884328124906,16.4375087434335,23.5787766361263,33.1767172584541
"146",11.5455335320349,17.5597793468694,24.2740833184773,34.3057528373669
"147",11.9173642740326,17.257224408024,22.8683896602909,33.4060022343437
"148",12.0602343030361,17.1524930734864,23.4853031394292,33.0139405912109
"149",11.5363877982527,16.3424625337571,24.7969920200667,33.4430372118749
"150",11.3097980172119,17.0497563678501,23.5549970390667,33.0502743117962
"151",12.0236271948645,17.2619554011444,24.0794402379311,34.3881243726465
"152",12.4104417717149,16.7273671784788,24.0229316667647,34.158097379781
"153",12.3120857757284,16.9161078729451,24.1744982961389,33.8968645481406
"154",11.794206403094,16.4995000423428,24.1866514436172,33.3724700258096
"155",12.517977144257,17.3009762977716,24.2308257555912,33.8904560597857
"156",12.100877070605,17.1885163512019,22.9717546117618,34.0330148015472
"157",11.7864977329536,17.2707922979797,23.8708187721265,34.2975655111822
"158",12.1565204363688,17.4135991445503,23.6284028795309,33.6521464376965
"159",11.6375406085115,17.2781359076507,23.7468464424124,34.0383762060721
"160",11.3718109473023,17.1725719843538,23.9628742287866,33.5827527740764
"161",11.7155260744054,17.6556632862631,23.7138599958554,33.5197430242117
"162",11.7303363474127,16.485787424824,23.8313400029694,33.5729520875463
"163",12.3487304720041,17.779512539851,23.6667540823799,34.5155520307959
"164",11.6093916820077,16.9359806696566,24.1780455647346,34.114571294921
"165",11.5499975101184,16.9156349457733,23.9520841169006,33.9156000997475
"166",10.7599278874226,17.2891787800808,23.8609054286521,34.3660041068558
"167",12.2658833408893,17.0780987963981,24.0820460207305,33.5390419970589
"168",11.9608330945916,18.1163579349249,23.9319383541942,34.8241544591064
"169",12.1039636311699,16.5530158973744,24.2002623626043,33.5503502637975
"170",11.5893487387622,17.1960218649145,23.5521212899539,34.0141342404778
"171",11.9112901354408,16.5433265261444,23.8654581482446,34.0086202224991
"172",11.8327201782104,16.9732655404841,23.5204110487757,33.5011105667235
"173",12.3144689798017,16.9638148127168,24.2746222503761,33.6317865717433
"174",11.8515047917118,17.0929240366483,23.6919495349208,33.4418201029528
"175",11.5315000409201,16.6461325616357,23.6657307326582,33.2226965693035
"176",10.5933284529649,17.0656088054793,23.7247410407925,33.4680641318122
"177",12.0321195479666,16.5002905016478,25.6224655999264,33.9244406928695
"178",11.8891887163507,16.817922911471,23.9667820953913,33.6449459929717
"179",12.0028331485389,17.7549193071261,24.444819514769,33.9098322702327
"180",12.5687023299977,17.2224151641437,23.8022858107498,33.6706684091373
"181",12.7006017674997,16.1469172448067,24.2290310193234,33.4903656505411
"182",11.997299734863,16.7293031103236,23.3408035848516,34.0915544758833
"183",11.7317053049587,17.7320320920397,24.3567233601005,34.5362332256678
"184",11.0623076198739,16.4357255665394,24.7380338415335,33.9884587866095
"185",12.3706828127944,16.2893645117234,23.219086167289,33.5257424493907
"186",11.7420087115607,16.4960260601268,24.9865899072543,33.6256388560833
"187",12.4958084613369,17.0624382485629,23.3963839735977,33.8407001247057
"188",11.8838792244723,16.3372953997743,24.6533042712686,33.982139819235
"189",11.8068433978998,17.1118351261693,23.7335346462138,33.2755739066497
"190",12.252569417246,17.0885276107788,23.9183737336084,33.9795707782052
"191",10.7528624064491,16.9176326415647,23.5551577699342,32.8068339315846
"192",11.5354647552018,17.2705549946648,24.2823781947273,32.6567408686703
"193",12.6939059768482,16.7506420164748,24.5607323540492,34.2994274289396
"194",12.5659057036948,16.9544122177125,25.0917781195985,33.8567928710715
"195",12.0959811522209,17.1911436575299,23.6825897685291,33.7898598631765
"196",11.2945383077526,16.645510406086,23.9781416161148,33.5495194393582
"197",12.5415523059517,17.3785390629547,23.717902178707,34.1261073372771
"198",12.3375519610415,16.6053269633206,24.3797371071825,34.1472886839707
"199",11.7687580664408,17.3117236731967,23.6470631964865,33.9241736138553
"200",12.162364958233,16.5865433402585,24.8361314989965,34.0424130769763
"201",12.1664632878606,16.8040117332313,23.5111622675962,34.2241518665747
"202",12.5553450578188,16.513511243676,23.8505455774267,34.3374290664641
"203",12.1825317375864,17.1141543894862,24.1855121796061,33.1238778288462
"204",11.8073966850413,16.8920401330958,24.4524686041575,33.113734502255
"205",12.0196540056293,16.6357432190872,24.616443000171,34.4876397359797
"206",12.7846316036319,16.8451003942689,23.7691817326409,34.0458184377674
"207",12.2910873418725,17.5999253664898,24.0124485816351,33.2740903428874
"208",11.8562710397571,17.6745462591828,24.1116720525419,33.83386836271
"209",11.4551120914455,17.0914738962121,24.1320881612255,33.4004768560018
"210",12.4157275115211,17.2570247998232,23.7541539141409,33.3040704711079
"211",10.9428739715718,17.3589197221898,24.568309153532,33.7689304376604
"212",12.111548091344,16.4681086089454,23.8558245358347,33.4793565654035
"213",12.0214685248067,15.9600119178552,23.6008305062352,34.3122034901824
"214",11.6789704712766,16.7264609178219,23.1065750727858,33.6363051221458
"215",11.6888243363345,17.3113318733658,25.0743044200844,34.0444129737394
"216",12.6846193492676,17.1482715605911,23.6000067661533,34.3964037215962
"217",13.0474753189275,16.3281661220723,23.7669919984881,33.2734052743288
"218",11.5668436678122,16.9615267150422,23.5674363194282,33.9971993387032
"219",11.129839228018,17.2133683338193,23.8002327730267,33.3201987221622
"220",11.557932154397,17.309668053032,24.7925307394991,33.5563080978553
"221",12.037864847194,17.1262118217814,24.1548559343122,33.9738387986486
"222",11.4234071913229,17.3445877651305,23.7653298270593,35.1683748794978
"223",12.2639685871869,16.6299827995591,24.2926322245921,33.554937881385
"224",12.7235559540258,16.5986811456803,24.1887181004187,34.111640770141
"225",12.0131869082745,17.7244067462218,24.4068585485328,33.8554692010343
"226",11.8458846934462,16.4743114190132,24.4618407311325,34.0936838478117
"227",11.4106660698724,15.987225792879,24.7628874810187,34.5215281675323
"228",11.9919829187534,16.4337284555765,24.0627898166138,34.5015946419819
"229",11.7077671819834,16.2566241155484,24.3254968860721,34.4337716936233
"230",12.3988878661368,17.154591180202,23.7478938464797,33.5833836951024
"231",11.9244224441331,18.3447900956889,24.6584250122523,34.2800278625745
"232",13.1404965437738,17.6818954792528,23.2215067315809,33.6370758150406
"233",12.7707047734942,16.4889964730136,23.8077714017472,33.5789928971932
"234",10.5792622713913,17.6688707563236,24.2967226337416,34.5821166174348
"235",12.6996149950358,16.6296208369663,24.1397593984249,33.7796124430473
"236",12.5051925987192,16.9736001431027,24.0319931556268,33.8097227059385
"237",12.3755034524914,17.1159332688712,24.4854340261306,33.6440982449052
"238",11.3518563244746,16.4392907681689,24.0205145590126,33.1959349722394
"239",12.027467452999,17.1573657579765,24.3374913495851,34.0804401530649
"240",11.2332962774195,17.6715822566902,24.2593057265125,34.2962856923086
"241",11.8763167647766,16.1751986889256,23.9711534173262,33.1477901121276
"242",11.8656785281353,16.471656744886,24.264980242994,33.6049057035129
"243",11.7967536073819,16.6370973871118,23.8580221250789,33.7973525598935
"244",12.163921314964,15.8126516662811,23.9836827455198,33.3347787463185
"245",12.0453061005601,17.0205967266708,23.9065153944981,34.6280313538394
"246",11.8466574484963,17.2969445324895,24.130406144202,33.4233162808018
"247",11.7786662048688,16.3085797666224,23.4006455435889,34.6840746149162
"248",10.9942615831885,16.8625514329264,24.4521218466845,34.0571155846147
"249",11.7989029339512,18.3504906560078,24.3421774456429,33.9811675967685
"250",12.2771972330004,16.948731535017,23.803510852777,33.7371953895603
"251",11.8427421468388,16.8580478033921,23.7610283668452,34.229502156778
"252",12.0518187958239,16.2478071397322,24.2681716232414,32.6622622516331
"253",12.027467452999,16.7902440130562,24.0665315955393,32.7899459203535
"254",11.5845847403674,16.8468843917021,23.6414546759017,34.008273480446
"255",11.7589700723338,16.9274943203081,23.2344083160902,34.0925339230523
"256",12.8494146996868,17.7485597044348,23.7986427994841,34.5829831362401
"257",12.3733758691807,16.6205824905877,23.539805150492,33.8758295764128
"258",12.1854582185298,17.8777666757197,23.9562120397217,33.6395767709523
"259",12.7549983856673,16.9566089814737,23.8896134376432,34.2399571081321
"260",11.7389346342201,16.2645442489147,23.8322247671659,34.5668992579336
"261",11.9772812578541,16.5538455317715,23.2091321257395,33.4064054129034
"262",12.5672892227059,17.6215921319457,24.4685746775663,33.9955954078204
"263",11.3908018837302,17.6502872207375,24.2604764485543,33.4809544726633
"264",11.9968731572719,16.5290005488971,23.9565934003039,33.997124665478
"265",12.6885522575765,16.4418095664766,23.5087332510189,33.9468884439047
"266",12.0790039145459,17.0197865301434,24.124749348361,32.7213353028817
"267",11.5515775782276,16.5410151765495,23.5593351503529,33.9988037024288
"268",11.7644368878618,17.1601631084915,24.5743732676838,34.0623264530792
"269",12.138367012786,17.9188169961791,24.5101030366362,34.2549299057992
"270",11.1712178931277,16.7142019786164,24.3548477700266,34.123159193672
"271",11.6358496628297,17.3674476667168,23.7765729663144,32.7851818491606
"272",11.8163445990621,16.7012077155982,24.5910744607358,33.8690488244451
"273",11.3702926898775,17.1871651305348,23.6886542616459,33.6130576363815
"274",12.1355665235491,16.7135248219596,23.1780810885848,34.025845824272
"275",12.2517963261471,16.666462139255,22.8248593061878,34.9044665715544
"276",12.3803403715474,17.1567469888292,23.7374636296269,33.8171889661569
"277",12.0482881229509,16.4839714471549,23.7056337133201,34.8895422507276
"278",11.7300884994514,17.0399831123781,24.245919427626,33.4852106690449
"279",12.5197281800068,15.9777042639797,23.5078822821585,33.5856643283595
"280",11.7472766464152,16.9289370873794,24.1647114451178,34.0307472905636
"281",12.5127006230063,16.5335625843663,23.9097278060885,33.5705685076215
"282",10.9234199817688,16.6556501242132,24.0559337385552,33.3394425689215
"283",11.5779203668899,16.502728547628,24.5240370811468,33.9972023430635
"284",12.2670210927635,17.5780171792617,23.3674798022538,33.7975538425276
"285",11.9439843950113,17.378465513947,23.4594367647975,34.0557758574296
"286",12.1634685812277,17.5985622845446,23.5989161679466,33.7961771162451
"287",12.7940124829595,16.1874049346471,23.666957453381,35.0794942900161
"288",11.5017704868785,17.2553622937126,23.6958358815423,34.3975088320872
"289",11.2263243836878,16.4248471596468,24.0465598134185,34.1983344105727
"290",12.2059763453797,17.7811280277944,23.7028064616374,34.2330498344099
"291",11.7967471987336,16.4480016732879,24.2889335642447,33.6999094865744
"292",12.2604275793979,17.8197273323108,23.9582014031064,34.2818340470163
"293",11.2466638600113,16.3982571380677,23.9667940935578,33.879378057187
"294",12.2512943674039,16.3033004691622,23.9500306694999,35.1917050830419
"295",11.2387431414789,17.8457515905332,23.4395190779364,33.4046794795432
"296",12.3465567688104,18.1568046830296,24.6091504043324,33.7303488198157
"297",12.7067303646857,16.3853812473006,23.7694322377407,34.505056771099
"298",11.5953936932838,16.7528237638141,24.0179674513364,33.8941157170667
"299",11.8409748008402,15.6311085649552,23.8498446899028,33.9202580914152
"300",11.3651878961645,16.9583977234415,23.2461302515292,34.9043568983728
"301",12.0719138368938,17.2874042270916,25.0488532361457,33.6160173778647
"302",11.6102081056169,16.4891768357581,23.6766363216963,34.3589855000958
"303",12.5668403252373,16.7222368609714,24.1791270499918,33.3405264329344
"304",11.4243626016182,16.2325008241775,24.720643713896,34.2009774763245
"305",12.6520434960695,17.5413389639331,23.6141604660451,34.2069552180058
"306",12.3261786816797,17.004505483486,23.6762990515365,33.6152301887082
"307",13.1312695838114,17.2840181863441,24.9624634500391,33.9290842078877
"308",12.2573812841998,15.5883882867408,23.6863840127012,33.8786758231834
"309",11.7949175045771,16.1414747417257,24.0525761280856,34.0795414026622
"310",12.6206326431772,16.9758980072384,23.9081364133515,34.4266038615722
"311",12.2175612307402,17.1333460217443,24.6753754172106,33.9703288211821
"312",11.9861624491887,18.0108105481057,23.7207912825129,33.5744860615517
"313",12.2725665447973,16.7223586240937,24.5718254199677,34.081986861541
"314",10.7255645991824,17.5132622450101,23.9022323286515,34.7179026397581
"315",11.4281050668425,15.7069671383588,24.4672364350084,34.1080297383801
"316",11.9008486814374,16.5470945821008,23.8408864033369,34.6837460927355
"317",12.4391462623945,17.4588687260466,24.0890488544305,33.5303997791136
"318",12.6485019113602,17.1742439965357,23.6469377700198,33.2421942285231
"319",12.08989219373,16.4641141261981,24.3128164642772,34.1189581907464
"320",10.5644004074279,16.4449517312131,24.7159926441591,33.3188627438916
"321",12.0364730410594,16.5439321430243,23.9985202553128,34.2146948382618
"322",12.563743054651,17.1735408553385,23.9621059372659,34.0324949039392
"323",11.6801092466873,16.2517721537535,24.1616387882433,34.2264812691463
"324",11.1817638793081,17.3376162689055,24.4160727920864,34.6738839058533
"325",11.3701422254064,16.790318791218,24.4687057795461,33.8461773347004
"326",12.8780272602021,17.3024641503803,23.8123375502933,33.9182712745894
"327",12.0949491210837,17.601942811001,24.0160171594746,34.7077346291137
"328",12.2048095804179,17.4188272096729,24.0702581263946,33.8257191890692
"329",11.8667385864463,17.34996810255,24.0879700193188,33.7191365470575
"330",12.2102300742403,16.7074034854647,24.3924365794667,33.547873645832
"331",11.5100595937669,16.7071139056498,23.5351679385869,34.6724614759083
"332",11.5742365830443,16.8462152380289,24.0950341177862,33.9837445275344
"333",11.9652379444408,16.9341841630655,23.6537365527882,33.3279962998801
"334",12.5022777409904,17.0491950004854,24.6159636013384,33.817380843315
"335",11.7396745560366,16.8549604820298,23.392231141696,33.8188325607754
"336",12.1533630223747,17.2276275857186,23.8890703861882,34.0860460578664
"337",12.3431546974899,17.7654582758556,23.5999065608141,33.6789886780153
"338",12.3641789369647,17.5875978341379,23.976869124454,34.8092287087522
"339",12.2884698483662,17.2106857954077,23.6642578852035,34.3545050907559
"340",11.3018951945203,17.0687867383757,23.868170537619,33.9856805197937
"341",11.1797930986467,17.0142246175459,23.6307030458719,33.0667233107027
"342",12.3622488451549,17.1033449566709,23.858125453867,34.5547019215326
"343",11.6465710914775,16.6046081599063,24.5054231594062,34.6255729155741
"344",12.3014842736614,16.503339986823,23.520916508274,33.7509058341017
"345",11.8494403368323,17.7102888313083,23.1799426913456,32.9860587459859
"346",12.1475152748181,17.9289573790113,24.9625983288999,34.4716047500213
"347",12.0934491237934,16.8609572514455,23.812853132605,33.4191340654583
"348",12.3979733388435,17.0504033890519,24.3724431033788,33.8174720993368
"349",11.8726445114286,17.0344748431158,24.6981980753785,33.3534515630852
"350",11.2288916851204,17.0578355275742,23.7033497254896,33.9021807862467
"351",11.6401591199918,15.7515143569063,23.8235111465988,33.3058396690037
"352",12.3549952628792,16.3404251645388,23.0146877238247,33.0813936194719
"353",11.7768652599633,16.9350296298188,24.5605556115887,34.2013069303469
"354",12.7287392777434,17.226180336795,23.4934320495201,33.0305856006245
"355",12.5646813547076,16.729101605433,23.7477650203653,34.3703592779784
"356",11.642191157031,16.8537635062067,23.982878872671,34.6217157166844
"357",12.3751712327974,16.3545410508426,23.7947246935842,32.5894610262071
"358",12.332034559935,17.066842659578,24.0606359092066,33.6148848369088
"359",12.9446601449845,16.5610449714921,22.7320513505525,33.2030184041426
"360",12.225411367738,17.1541707566645,24.1614253759949,33.7210482582318
"361",12.2337940176821,17.5327007306599,24.8470266062403,33.9367499818026
"362",11.7210451516257,17.7078124069983,23.9008289976276,35.3102117279562
"363",10.9886902311109,17.7695708065143,24.1290130549487,34.8679434122215
"364",11.0523257375007,16.5222548940608,24.0879561986411,33.5590397981993
"365",11.6865818325931,15.9147158090739,23.80321641093,33.9227881800572
"366",12.1931538196149,15.9592453484959,24.0302979528275,33.3317687240461
"367",11.2282031083008,17.0681179233969,24.3359396526834,33.9283140424122
"368",11.8504635684057,16.6654901353657,23.3884154706099,34.2385132045704
"369",12.5253459670621,17.3523679740985,23.5406519834382,33.7618250653963
"370",12.411410181331,17.0849529177995,23.533946555511,33.7107416072521
"371",11.5013096662064,17.2332994431381,23.7707340400741,34.4111979593072
"372",11.6517325120871,17.2774520855737,23.1132757342264,33.5755980176618
"373",11.9710946877839,16.2183134228498,23.6706717173938,33.8318205383122
"374",12.1039636311699,16.8406836262509,23.6385208618451,33.3571350192906
"375",12.1321580475139,17.2081375220797,22.7398956199357,33.843787947689
"376",11.7307122410368,16.3984790574494,23.7163772318564,34.338230581097
"377",11.3340737173167,16.1752805104649,24.369653189942,33.9045344805203
"378",11.87859157099,17.0651902405362,23.840417797933,33.6606354438057
"379",11.1541650840211,17.8158403699141,24.0499740097304,33.3901001056442
"380",12.1256675960688,15.8999189931269,24.522865639704,33.8950242653329
"381",11.3012565189736,16.9463171946348,23.5267532891815,33.3906151531608
"382",12.0926579328904,17.2168869956367,23.514643917145,34.4580808302271
"383",11.1350606534981,16.8474756420021,23.3250192559045,33.7077295822333
"384",11.0365699147741,16.4807981904935,24.0851883682708,34.3370632861628
"385",12.1835877871885,16.1859782962446,24.9383507986645,33.9146087821647
"386",12.8468594441372,17.438833590015,23.1832767098335,33.948958019681
"387",11.4728895803329,16.9612123331573,23.7651509078201,34.3963059830653
"388",11.8909972239582,17.0338300152969,23.3732057744538,34.1618831726034
"389",11.9224479461176,17.4021453886418,23.8600223147605,33.8805497318803
"390",12.0447163810044,15.9141722439267,24.386362696545,34.5432860522578
"391",11.5861885593723,17.3226311804672,23.2299943346109,34.0422888910889
"392",11.7374958367187,16.8233508965989,24.2476612358655,33.7471699774156
"393",11.5025433351443,17.7433700371333,23.8534214422707,33.9344628783804
"394",12.010595894292,16.5305347677809,23.7914572392949,34.5752064889383
"395",12.1388400549941,17.6130842052753,25.84150066729,33.4633622077222
"396",11.5948591612202,16.2045822025307,23.9220184968696,33.5707483199222
"397",12.681818559017,16.798409569733,23.8264629200864,34.3096855889738
"398",11.6087761219571,16.9048324929017,24.3077050123527,34.2897661068323
"399",12.3919081898406,16.6461079242633,23.8318927146756,32.7540557721277
"400",11.8802962306043,17.1175399836824,24.064818709344,32.9571879910884
"401",12.3410023366348,17.5214676965626,24.144534909039,33.0147159533448
"402",11.9426688574879,17.3500091956991,24.5340276290612,34.4167072622314
"403",11.4621090397748,16.6310108865519,23.6239939055712,34.4211620872623
"404",12.1450404197055,15.6825795977866,23.987698033151,33.6585801115664
"405",12.4237253299166,16.8497344029277,24.2365346937141,34.3704738420341
"406",11.4523470322704,16.8414686556607,23.5381813980932,33.7162243365776
"407",11.1505373091604,16.8163860221282,23.324638369367,34.477756820997
"408",12.1352260404342,16.9226781244607,23.5418112282447,33.8643064391466
"409",11.9496725075247,17.4982540414341,22.9886414477586,33.7260073873718
"410",11.9453722763233,16.7879628937518,24.2002582100964,34.5631387348448
"411",12.5443449165303,16.734475692301,24.38889169283,33.3392284991921
"412",12.6692437946496,16.8216421696212,21.9525660482379,33.4156306845186
"413",11.6374940204021,17.2794395429275,24.4882572918781,33.7285009384329
"414",11.7130870076271,16.3990446508375,23.6878070833437,33.7911725452717
"415",11.5862783103999,17.4060250089677,23.5451867467835,33.9763771901176
"416",12.041912485159,16.4059694628139,25.0186644278237,33.7843405055299
"417",11.3654023509752,17.494950342716,23.6208960104464,33.8072369561018
"418",11.4396789054655,16.8785025990168,24.3812350692192,34.2889934721932
"419",12.1137137226804,16.945375963763,24.0068166478885,33.5545048089406
"420",12.3518048142402,16.286282658733,24.7232327075039,33.5078971890689
"421",11.7409548936536,17.3069504489387,22.9483533204497,33.7099823100559
"422",11.8350783520042,16.3363228456323,24.2974135538208,34.1355166944141
"423",11.7191202150584,17.517655180755,25.0029181392031,33.851663974523
"424",11.8332435904531,17.1558489088929,23.900439003497,34.1587143648786
"425",11.9594235945449,17.0811898353645,24.6568564936794,34.3319392258025
"426",12.6695799662236,16.8943018613639,24.0934447266342,34.2099488899635
"427",10.4419000811893,17.3655044578729,23.1795341333147,33.1048155255158
"428",11.7900987668323,16.1114546874148,23.8685807941861,34.2034815831595
"429",11.3300502122177,17.1879924542429,23.7582936312492,32.8650322702484
"430",11.9452726115623,16.7649529496906,23.9410299243979,34.2380662579053
"431",12.8737614075929,17.0546954067888,24.2186274536436,33.244625817917
"432",11.860084330248,17.3362278037723,23.6263457369875,33.8118054958814
"433",12.0085482144808,17.6179443698427,24.531074050512,33.8538441980251
"434",12.20073460101,17.8391430413858,24.340760109297,33.9987139546354
"435",11.4506443475862,16.6499374069723,24.2015159246688,34.252132578883
"436",11.344763632115,17.408519138144,24.15054901928,33.882692991126
"437",11.5358891036319,16.6091743789231,23.8806194676357,34.2638989118398
"438",12.1650848145671,15.8825259542881,23.4345071815842,33.7537246226593
"439",10.6547692312922,17.068079573083,23.7707044839629,33.0213594597982
"440",11.2127144511917,16.8363582691892,23.0315601636785,33.1794135394816
"441",12.3552999215696,16.297876182189,24.4338058232537,33.2546626109689
"442",11.9315584954639,16.9424945855793,24.6109039432423,34.1285259089605
"443",12.2440857056977,17.0458085504301,23.8267241591727,34.446355724934
"444",12.1063862319885,16.9307734178465,24.43081911484,34.5327201725192
"445",12.1918051686514,17.5940558687756,22.5670194550305,34.3482858471589
"446",12.5570207667556,17.819225913445,23.8377422461413,34.2557092241044
"447",12.2232960487995,16.4163018458192,23.8594681884705,33.7846221602831
"448",12.5959690376035,17.039417400641,24.2980814551938,34.3118499810714
"449",12.1945585346482,16.532344629516,23.2968059968724,34.0081551575742
"450",12.9356478382511,16.7788080010984,25.3541816820253,33.487069505424
"451",12.548920135513,16.9446507290179,23.8123135802779,33.7953088227041
"452",11.9107333859138,16.1262499024981,24.143826460402,33.5450740982091
"453",11.9120244699163,16.4343389615824,23.2079781616929,34.1406601473937
"454",11.9969024599183,17.0491396065137,24.8701646203789,33.4501019121538
"455",11.139534189826,16.6020849479398,23.8974335336732,34.0964762549687
"456",10.7054296630734,16.5178184028062,23.8775318564091,33.1394387645226
"457",12.4303988225946,17.4867307942064,23.416235705291,34.4190145940263
"458",11.7834293395327,16.4414763376565,23.9562339554349,34.6095726558223
"459",11.3091251242963,16.3542266949084,25.0498020392811,34.1214454624338
"460",11.58991095222,17.4116153507454,24.3399239533533,33.7506877099213
"461",12.2573312358605,16.8333676788106,23.5771682538969,34.1618017435383
"462",12.0425726883728,16.8033377634138,24.952082840291,33.6034885502642
"463",12.2215058484202,17.4637708928816,23.3889873490607,33.2743629736625
"464",11.141575340826,16.2000050407139,23.3110110318634,33.3361579262986
"465",11.6417157848798,16.9017594318563,24.5495193507495,33.1290337400927
"466",11.8060969413648,16.6703737949266,24.2112828413444,34.084489682493
"467",11.1638638261178,17.134744571562,23.7903554819322,33.9529833714543
"468",12.227598935475,17.3202912950474,24.1668609222504,34.2540112961394
"469",10.8432238230032,16.5523366788013,24.1011772460807,34.0585442260987
"470",11.6669083661284,17.6205072665515,24.0104154617395,33.7750687080076
"471",11.9198698381753,17.3698665187034,23.4576864732444,34.5114314934432
"472",12.2773527280715,16.1416616739205,23.6859430641674,33.7384081854057
"473",12.6137908666976,16.247589269641,24.1110230804903,33.7086881122991
"474",11.6411044733774,16.4304516783641,23.9255283435115,33.6704479335767
"475",12.4391452268788,16.1315328017574,23.4976679986506,35.2359445503186
"476",11.1135051338002,16.7777958303393,24.1938952332226,34.2183838285332
"477",11.6894461284643,17.5550032776448,23.5704740983068,34.2445008523284
"478",11.237264450935,17.9097463718669,24.6608001794186,33.5900910254162
"479",11.6475753172261,16.8855750226291,24.3781309779448,34.0600064610848
"480",12.2984213784966,15.9036336621276,24.4967068539619,34.6770710460544
"481",12.0302619237594,17.9138507693327,23.8323754906159,34.1005790665006
"482",11.9512038405964,17.1641098730159,24.4712855399147,33.1829366609514
"483",11.5934279529634,16.8081448538772,24.2627032841715,33.821736394556
"484",11.3816348064195,16.979317156875,24.6833172260727,34.877356654079
"485",11.1602404955428,17.2114256509992,24.3237847343964,33.688005329148
"486",11.9611679901333,17.2655084114927,24.2762788936224,35.1385396497305
"487",11.7684936131264,16.9269235018175,24.1463337948183,33.4535481013298
"488",12.3715257983826,17.2249022383306,23.6473453312369,34.369377587829
"489",11.529722367818,16.5325571193529,23.4216984723937,33.5573431893705
"490",11.0477789040847,17.4412574597401,24.170574691081,34.1209106940089
"491",11.4439440169024,17.1539090523765,23.3863287677371,33.4646108083307
"492",12.0344405469459,17.0829414756695,23.954983993374,34.1973974919829
"493",11.8431915670265,17.0082397811277,24.6255994286172,33.9459731098203
"494",12.1199147040959,16.9545200626385,23.6682708590501,32.9469865755328
"495",12.2846747417691,17.766506351705,23.9682303970655,34.4591842002573
"496",12.2947130650128,17.2549075557822,24.3258391031853,34.5566752739116
"497",12.0901330734094,16.5462042421832,23.5762302474042,34.344923900719
"498",12.532391246677,16.4382979793483,23.5648631010129,33.4960597689831
"499",11.5987834707843,16.7170411788835,23.1933570204244,33.865384631087
"500",12.4758961586807,16.8081306595397,24.0131436195486,33.6396385831956
"501",12.1906190170036,16.5213016572055,23.9502177649198,32.983226796081
"502",12.3160001556492,16.8858703959397,24.1460627828295,33.8154121280809
"503",11.3871069096669,16.7895957630968,24.7150945299392,34.6090120154352
"504",10.8732347813847,17.425146216424,23.8914032931396,34.3524360475835
"505",12.2164072705246,16.1146513242006,24.0331850305836,33.4227305721006
"506",11.7962069194751,16.8196450938326,23.8392612734199,33.8780174625239
"507",12.2331173012517,17.5846478238611,23.2155783015966,33.9169710673787
"508",12.1867067481354,16.3683901516828,24.258285927267,34.0312589840445
"509",11.9161393522499,17.0765341291288,23.6955330625598,33.6388787939781
"510",11.241444930718,16.9578749622293,24.147004533337,34.5457959018233
"511",12.0953837529299,16.8569521541538,22.9344927086224,34.066843183974
"512",12.0259026926261,16.4074243979347,23.6206539089459,33.8889971560744
"513",11.5988417077929,17.0200531745708,24.0218245016172,33.3625192478149
"514",11.8008661755889,16.7325153439807,23.293511524289,33.3676974039165
"515",11.0897573584592,16.8114504306372,23.7618895278585,34.0588388820065
"516",12.2376568269389,15.4925327516228,23.6284540303334,34.183624832768
"517",11.9882782370981,16.854093257035,23.2469177896324,34.1807144398438
"518",12.0839143417666,16.6724353488201,23.7659327176421,34.0113941193283
"519",11.6536512219374,17.2799936611417,24.5842427011412,34.3541348511247
"520",11.7016717323198,16.5769166873754,23.8370150036578,34.648971706255
"521",12.3818344171744,17.1249663280869,24.3050098114828,34.1795585322399
"522",11.8947212821218,17.0156979028346,24.322182053534,34.6291446534909
"523",11.1726811331741,17.1899193645321,24.1193804393846,33.9971352052527
"524",10.9855640218264,17.4787313015244,23.7791140242724,34.7556413903479
"525",12.1388801062165,16.7070991927855,23.9176629959119,34.2546852053538
"526",12.4683803267699,16.7098908011938,23.8407520102201,33.2187300848747
"527",12.0583475424501,17.1567307561233,23.8980840445507,33.6130792380927
"528",12.1532579776489,17.2733619265005,24.2241629766474,34.1330607063438
"529",11.959423594545,17.0732838642359,23.6098273545082,34.1694051640904
"530",11.5978116400419,16.7386665869423,24.3094739342836,33.2939545593847
"531",11.0529167124302,16.3547494487016,24.1456851805656,34.4803155502961
"532",12.7783409135995,17.2723390332474,24.2342757994402,34.076899217379
"533",12.4391462623946,17.5683813817541,22.9914975004627,33.1900388877862
"534",12.3574789259772,17.545458365563,23.4786767090117,33.79943774311
"535",12.6463990264266,16.8510967009745,25.7213249818111,33.4942972188118
"536",12.4951982778445,17.2556767864657,23.4849964498348,34.3074517487479
"537",12.1019417562034,16.615736562349,24.1214853668329,34.0047161449029
"538",11.7793547575228,17.679686169112,23.912396834617,34.7554263040898
"539",11.6406629552444,16.6432639770637,24.7962431304469,33.553803808375
"540",12.0042057983578,16.7708122799082,24.4238843867591,34.0127857725151
"541",11.490994979286,16.8926010547812,23.4822605405528,33.1487227639443
"542",12.2751288104448,17.4441395913766,24.3307621199823,33.8417467645949
"543",11.9107333859136,18.2212335734645,25.0943593572583,34.3554157296403
"544",12.2025398073699,15.8784146228228,23.5886272203614,33.2049763811069
"545",11.7264483015844,16.2566241155484,24.45519174199,33.1490793766969
"546",12.0080973803983,17.4474771962176,23.9569271460963,34.3647273668871
"547",12.3022170699984,16.7426756691418,24.571335646899,33.7151312258929
"548",12.4342237210296,17.4903569186456,23.9941259364596,33.9804177617653
"549",12.3451940093717,16.3595803065289,25.1886040618758,34.828619411739
"550",11.840545311198,16.1805908476721,24.3223018782734,34.0090047234259
"551",12.4254110481904,16.0982597176117,24.0625628269747,34.1382867203222
"552",12.0176268712877,17.6703164059362,24.1455813936708,34.5350600121387
"553",12.0867938856206,16.9328574190661,23.5374736893219,34.3058738498049
"554",11.9769681639058,17.5494185045301,23.8135927601586,33.2302932606926
"555",11.5369338722432,17.1034834606884,24.4930258890152,34.4926360073578
"556",12.0748640502041,17.5243507163323,23.5886708371776,34.442329715263
"557",11.2251923919942,17.3340549178791,24.4663316578195,33.6952694060857
"558",12.5816085544664,16.8847761279732,24.4122853063911,33.6897315076457
"559",12.4982594819387,16.9037190497457,23.7657544345316,33.7232687952946
"560",11.0539336378237,16.7056250159978,24.08116184536,33.5679886716577
"561",11.4095045319305,16.9373008207631,24.3281084005268,34.7333583917948
"562",11.4440358165479,16.5717343722603,23.6586370881677,34.4133832915662
"563",12.0644813500715,16.7830471173382,24.0502862694458,33.2162786546958
"564",12.0057820484106,16.0670519048728,23.4029428147258,34.1402492420588
"565",11.1121215964805,17.0848491038204,24.2311715499009,34.4800389744617
"566",11.9168254342753,16.6707079542765,23.745932269815,34.5730246401819
"567",11.6569015233108,17.1566850780428,24.2016375464176,33.3358221981786
"568",12.0550221929787,17.9074050466383,22.7463500180918,34.0113823623161
"569",12.1283436208412,16.5302729614135,24.43799661232,33.8310274451265
"570",12.247094708197,16.4619997007288,23.7698774442553,34.038213530571
"571",12.3624853997249,17.4028424668202,24.3042174515937,34.0422993780187
"572",12.1639213149639,16.4817851244355,23.7498892770958,34.5351313149972
"573",10.8016161915809,17.4643378478247,23.308982353676,33.540103208979
"574",12.0723921415641,16.8322998559337,24.444310081765,34.5008606012474
"575",11.9392708527674,17.972089388677,23.7362410451697,33.6882871417273
"576",11.5077854484091,17.6835174819102,25.2827744472466,34.0156224756327
"577",11.3363953088908,16.3372953997743,24.6455087211194,34.050009665096
"578",11.8030186134273,17.338589069187,24.2863075992166,33.7146511180262
"579",12.2190156605171,16.4418502527133,24.5331921387253,34.103447580229
"580",11.1193114314669,16.419221801866,24.5822290274122,34.1641953232525
"581",12.4355449875594,16.8689311617289,23.2366915500448,33.4891810831659
"582",11.7376767823531,16.681317154301,23.593668618249,33.4333189443411
"583",11.3254411478874,16.6716150723693,23.7655497952145,34.8825128447346
"584",11.4835492586508,17.2529267210817,23.1146538540398,34.5407356183333
"585",12.1046624601732,16.7356600592179,23.8804262129394,34.079771643178
"586",10.1084877681658,17.6468910589878,24.0331035623983,33.6594412161153
"587",12.0292226032449,17.1661746889509,23.9337226438245,33.0336900547642
"588",12.3300961084779,16.6651491726181,23.4833224213074,34.0686085602982
"589",12.7431302816537,16.9024035722627,23.7766448459099,33.8959679473504
"590",11.6978117638242,16.1281917727046,23.7472784659086,34.0461981791015
"591",11.650244759745,17.276035103933,24.2980591370449,34.133220776693
"592",11.3028753767843,16.7702904707233,24.7447133189871,34.1552481472369
"593",11.7729815705984,17.7965908875363,23.1958472526059,33.1364540389498
"594",12.7002123527584,16.9903559156264,24.2007241599815,33.5434095999932
"595",11.9937251884199,16.8046752962259,24.6725857909401,33.5114059627371
"596",12.2864275436428,17.2170656588025,23.4314246316804,34.359414254054
"597",12.2445795346796,15.7541822014472,24.1290130549487,33.3720444058032
"598",12.0502729859969,16.9650504754063,23.8723194805441,34.6665794887933
"599",11.3694979546811,16.9696592815915,24.454426573473,33.4828934445149
"600",11.231731456847,16.6292363902739,24.0126273197478,34.6234578150798
"601",12.1484196576931,16.3456016076495,24.455064108041,34.1159246743609
"602",11.351693716797,17.5003476764302,23.3482581890508,34.4088852485709
"603",11.311391802886,17.0928939859053,24.2360554641551,33.6489159190308
"604",11.8913036224128,17.1829082888644,24.2461918080667,34.1621719785666
"605",12.2278718355424,16.8812167068653,24.6171155796735,34.243932897405
"606",11.732517235549,17.0053665014101,23.9616204214461,33.451691882265
"607",11.6280283042636,17.2524547355712,23.882639364967,33.530842584636
"608",12.5753864976987,16.6683299684119,24.3362206856157,34.2621400654773
"609",12.5610676641797,17.4155450827495,23.1558477174416,33.8777437264666
"610",11.6763637926844,17.2855239053707,23.516605495,34.271836268462
"611",11.9599519456806,17.0249573759306,24.1223998404951,33.4399882126501
"612",12.450698065987,16.9774212098572,24.4050306206225,34.1275904386707
"613",12.0803689578704,17.3037601292588,24.4278950307285,33.8579911563994
"614",10.9274054766321,16.4009769703417,24.2130935458686,34.8090031608024
"615",12.4977921257205,16.7830009687695,24.3759176888989,34.0676669132752
"616",10.8899333154211,17.6509458111778,25.0215121156981,33.7014717096322
"617",12.0196546029432,16.6574231392554,23.4169730268777,33.6916056745547
"618",12.4205967719482,16.9565904920044,23.9270050312213,34.0070175304985
"619",12.6892433891111,17.4927729478799,24.8636600952745,34.8086808164348
"620",12.3599487698805,16.6928713024575,24.7226662410169,34.0932997626777
"621",11.7175738846465,16.9076276026212,23.9771390719891,34.3510562497159
"622",11.5780927108732,17.3509531283629,23.8826071843308,34.2631209588737
"623",12.2271891958911,17.2440481822041,24.3316958250472,34.7503913646758
"624",11.0106165634108,17.3134083768925,24.2241904165457,34.7770148112469
"625",12.1601588893637,17.8569923780845,23.4035640760075,33.6897726653041
"626",12.1764073897611,17.0342702099775,23.6170716879722,33.5965133940428
"627",11.8822023652625,17.3583261020921,23.9697630217392,34.1423015538264
"628",11.7051626367269,17.12371824811,24.0020325996567,33.5837666794679
"629",12.2842442074658,16.4607440909826,23.4690706050332,34.6426727795351
"630",12.3024444916925,17.621592131946,23.9616974062142,33.5768594657164
"631",11.8931839100396,16.8559358839096,24.9861325792583,34.2045276447245
"632",11.5689155630195,17.1127624509166,23.8632060619394,33.6936047052559
"633",12.2212085880619,17.4869866091189,24.6781967311447,33.7620933832921
"634",12.1023980200152,16.194521572299,24.1969683450187,34.1221096747091
"635",11.7135679258065,17.117423512802,23.7179341266628,34.5808324483881
"636",12.2294705472845,16.6799439721831,23.5262872125398,34.2796484695271
"637",12.6788192986982,17.4867360297334,23.180147338584,34.276846042329
"638",11.672674239621,16.8037996460838,24.3240106030282,33.2870497386848
"639",10.592740916,17.0570014453402,24.2672702035485,33.6916824492132
"640",12.0748640502039,17.5344133488064,24.3279933263185,34.6889348969576
"641",11.6438603821182,15.7013457205314,24.173084069297,34.259556974966
"642",11.7169159771926,16.3843098907058,23.8059471267955,34.2097849847969
"643",11.569253204701,17.0844913437269,24.259910446026,34.1637682378441
"644",12.4064530951658,17.5961895794033,24.049713628726,33.9509406457965
"645",12.1970016308647,16.1423073551037,22.9623315357386,34.0625837967539
"646",10.9123849590282,16.7505134659313,24.0604391556254,34.4584683529992
"647",11.897761199316,17.6458478569147,23.7213573389277,33.7007696777274
"648",12.2473265399823,16.7855936790892,24.0543108865302,34.7350859675583
"649",11.950998528148,16.8178968258926,24.7769329475325,34.2647472587453
"650",12.0395239933859,16.4583189815253,24.1240296811217,33.9080013565744
"651",12.0153087096529,15.9093660981256,24.7346083775459,34.1349308831135
"652",11.8935652801087,16.6631907153814,24.2916262140223,34.485169416634
"653",12.7622598530518,16.8241536746511,24.6883230359956,33.9399659516461
"654",12.8334144606683,17.70485155721,24.2642386233549,34.796716682926
"655",11.1853979718802,17.8078088213576,23.676276962037,33.8285729533327
"656",11.2094052427436,17.0521801446458,24.0610284071523,34.1190928755843
"657",11.8823497490905,16.8094793912288,24.4992401181,33.9495428202999
"658",12.2459713020481,17.3836043488679,24.8778383550308,33.7721401140838
"659",11.5644068802446,17.5540178380796,23.5912171212693,34.2748018169859
"660",12.4596577815909,16.6861590960742,24.6528163985704,32.9528762873846
"661",11.9972338694583,16.6871551240332,24.3328727657315,34.3314184353979
"662",12.5828995126984,16.4105633721225,23.8598737216757,34.4281649850393
"663",12.8568222771626,16.8663946046229,24.7058009171721,33.1780697541684
"664",12.0417219018959,17.6817328616736,23.9488992807429,33.8394426740865
"665",12.2398422490288,15.6913829495896,23.5512452825278,34.0825301956896
"666",11.5464880273673,17.0531747240384,24.1666295020446,34.0225213561385
"667",11.8869482988896,17.09616630382,23.5457223469917,33.8831590873225
"668",12.1561001161203,16.1525733611615,23.4492656007485,33.0425154922689
"669",10.8169270610707,16.4781633622167,24.1210522351543,33.269654670059
"670",11.7682254043217,16.8562838696678,23.9923715990893,33.2920589918194
"671",12.5543820154655,17.2756122594353,23.5229077325144,34.4735597625497
"672",11.6288860986986,16.9464465114494,24.7317620925401,33.6861093198052
"673",12.6299327405301,17.2254324835048,24.3936738314591,33.5658973889593
"674",11.1030454710097,17.217721549539,24.1462008489656,34.128809324358
"675",11.7872862597797,17.755758811225,23.9815259864926,33.7289507472956
"676",11.9282262954519,17.1574935358648,23.6038673070222,33.535555326059
"677",10.7478795372159,16.4140816415725,23.2772441328281,33.8201637012181
"678",12.259197714702,15.8485324703175,24.0067250118278,33.4095885730522
"679",11.0744322599698,17.762452547658,24.0583892644439,33.9085797373262
"680",11.6339953925431,17.1304918009117,23.5786232394343,33.0690335489305
"681",11.3845178389434,16.4716567448857,23.6539275786805,34.618351806949
"682",11.6801461365974,16.3971050472269,24.6531992690849,34.2434795846526
"683",12.0641063715827,16.3664536206225,23.6243663383492,34.1080052512149
"684",12.5489303070923,17.6934503378202,23.114228706146,34.7108195453834
"685",12.4543312791602,16.8613677942783,24.233721210547,34.4309842024017
"686",11.6839758287255,16.3692860026839,24.6631700889199,34.042685629773
"687",11.1005393435962,16.9536597082582,23.7416404783659,34.4146339921407
"688",11.7715935594998,16.6304735627197,23.8699392014771,34.2120828980668
"689",11.9059769994875,16.6347685326672,24.4313745577908,34.4553331994622
"690",11.958821578128,17.5296583619254,23.7138368257799,33.8114384934904
"691",12.609080970779,16.3168988970803,23.1531105127924,34.3291328727949
"692",12.0656712465532,18.1218841177853,23.5420315246306,34.677437881947
"693",12.8342514268283,17.1406469212102,24.1309354605015,34.2417247816242
"694",11.7313118652879,16.7262366771572,24.8602597500142,34.4087669629024
"695",11.670314068552,16.1278549617582,24.7949485013634,34.3665401662449
"696",11.1939270195568,17.0001637162337,24.921808356882,34.062813061362
"697",10.4615988380187,16.7787255848701,23.3918988879857,33.7741107265179
"698",12.6800985320545,16.1484881760426,24.2839088573612,34.9235121558438
"699",11.5580471553926,16.6677263464028,25.0025508651009,33.8315835746967
"700",11.9588215781281,17.0024490848487,24.6933312958321,34.1173452119754
"701",11.1026344617352,17.2329397157458,23.695805909948,33.4840105665413
"702",11.8610245044521,17.707579127288,23.9390599439986,33.6282254929625
"703",12.6783000080132,16.7339933557911,24.5702751976336,33.2053237808401
"704",12.3672962725137,16.3314971239522,23.5661477744899,33.4140186964685
"705",10.2069343957298,16.1797458487833,24.0321340840975,34.0243136356889
"706",12.5078027200702,17.0844312221719,23.4809542063914,33.0394901162914
"707",12.5751141584064,16.9427846795898,23.8059471267958,33.3313402206895
"708",12.1079481852994,17.2565274698964,24.7717015984259,33.2474662271382
"709",12.515100313062,17.1281039563919,24.5427506032901,34.1779092115094
"710",11.9878009686628,16.6799838875845,23.4918509692566,33.8260941879424
"711",12.0473709193903,16.9930176996919,23.7379695865681,33.7962304452271
"712",12.0674885717159,16.5942677412005,23.9855204395797,33.620421044527
"713",11.4642774887041,16.9656265238883,23.581561953188,33.791620637855
"714",11.6893128274481,16.5055346724054,24.5810556180777,33.4630124227611
"715",11.9731498384527,16.7686927064069,24.2447126517408,34.2399834648688
"716",12.1103439868473,17.130243059567,24.1902017684765,33.3869570538568
"717",11.9644781489731,17.5713107185188,23.0225915177938,34.9596809262657
"718",11.5564130054701,17.4300978791014,23.9916636271555,34.0775042908065
"719",11.8604249178062,17.4344532426004,23.9199082185061,33.7936645934787
"720",12.1335456850108,16.0470530915291,23.6831538442983,34.4898925955105
"721",12.3336248279505,15.9421858965731,23.648196723352,34.5064814791609
"722",12.0949959812126,16.6963424131701,22.8609267363114,34.1617127667211
"723",11.5048057913336,17.0057861629388,24.2292149233939,33.1552052674097
"724",12.1015948781753,17.4757334856444,24.9098562154848,33.5604067621239
"725",12.2428958040679,16.0902717309271,25.081854597333,33.773717896725
"726",11.6709843814026,18.0422789450671,24.1774972836692,33.8118651443884
"727",12.7154066607896,17.1175647399111,24.1433854737948,33.9583886089457
"728",10.9726264980424,16.7992912068191,23.7259427227294,34.9408615485327
"729",12.1726431543968,16.2147515962856,24.2957801124349,34.0061329541047
"730",12.5526199809767,16.8536006166423,24.2074973113818,34.6694155006736
"731",12.2138001170596,16.346317388757,23.6921725132459,34.1118226089737
"732",11.3657906178162,17.4954856004757,23.9434179885853,33.850400618733
"733",10.6911761039802,16.892040133096,23.5806846609304,33.0595084961515
"734",10.8082434098685,16.1271813846231,24.2820396731717,33.7884260489136
"735",12.5708635076937,16.7037446682134,24.0531481787971,34.0780182905871
"736",10.2989952120305,16.7827516694098,25.0896582180572,34.2588735068128
"737",11.7783081355085,17.3533038019309,23.8408701621289,33.5974381291599
"738",11.7386251196486,16.94131321971,23.9330744401753,34.1785289812739
"739",11.6897638722254,16.8061338678543,23.5965417582689,33.651330052437
"740",12.104678221893,17.4978839152105,23.81701085645,34.038700962016
"741",11.7575904968808,16.8877969778768,23.7485040682512,33.4102493531378
"742",12.4795523254211,17.3242756381274,23.7698056734866,35.1589213835062
"743",12.2349633524421,17.1092486080282,23.8766079882477,33.7437868706366
"744",12.2673950568632,16.3590039498732,24.0080363472545,34.0465534707727
"745",12.3879172104227,16.5353735168202,23.3421490165903,34.193920695085
"746",12.7164888632237,17.4158405474046,24.0130154280153,33.9901228368869
"747",13.1752034576489,17.1433819994186,24.2338109673131,33.9877776820191
"748",11.9197821779722,17.2605947980558,24.0104045785704,34.0134461731747
"749",12.9136544687863,16.7890592636192,24.4267043280093,34.2933631773838
"750",12.6883963415187,16.2654935869474,24.1109592938024,33.93992696841
"751",12.089741840046,16.4012857065427,23.7502432381518,33.8182910980855
"752",12.3025463107129,16.7121299760379,24.3081703727632,35.1050202673165
"753",11.3997980782314,16.6759312344218,24.0871310039389,34.8584328439434
"754",12.004586601456,16.9339854311259,23.4446895660377,34.2810992168197
"755",11.6569015233108,16.4235718051943,24.6819171405431,33.9729708490329
"756",12.2584575161341,17.2876500086423,24.5032602977724,34.2538374832604
"757",12.1837993857461,16.5625121152304,24.3482834485124,33.9489186154287
"758",12.1322461577406,17.0963789408648,24.7013842187926,33.6012561050637
"759",11.7929248656534,17.069038406949,23.834197309459,34.6057581303553
"760",12.135313009209,16.422795481929,23.9629387163473,34.0133203210108
"761",11.6951267980024,17.1813167013415,23.4620755045818,33.6453230560986
"762",11.8426525163784,16.8137983553389,24.4604160993456,33.3105495151075
"763",12.6423578698255,16.1472731059928,23.9299920206302,33.9858919597099
"764",11.6500467936955,17.4676349476466,24.4692907904347,34.065475260172
"765",11.5911437857309,16.9399867039443,24.6210367387575,34.3160767166948
"766",11.0737896962593,18.1967436031154,24.810619238085,33.6157421227744
"767",11.7696296290546,16.9205256741827,25.6429073114375,33.7783376813829
"768",11.9133905347029,17.1110109761473,23.1054578762563,32.8088253487879
"769",12.2164072705245,16.7081627147805,23.8037707660534,34.0176131503102
"770",11.9581972090206,16.7004135658111,23.7759679430477,33.2778648681049
"771",12.8117219841066,17.3145813333537,24.3178899637692,34.3204606036076
"772",11.8644370278134,17.9557668106599,23.9733033736928,34.4988372395421
"773",11.4817695699253,17.3691228442625,24.943080791092,33.9038171189544
"774",11.2272290602917,16.789059263619,24.3819170029459,33.7786936646873
"775",12.7287392777434,16.0419428105924,24.0003829001584,33.4338080474299
"776",12.056242324957,16.0020956679482,24.2734062033262,34.3039914719547
"777",12.6781547903464,16.6006021772267,22.805968088238,33.7652686325639
"778",12.3418737550153,17.2841095944546,23.1925459875879,33.1660017308924
"779",12.2848067484721,17.2174726703454,24.3443129470105,33.5820280088735
"780",11.8568865905912,16.8619860220451,24.4581455975144,34.0157869404169
"781",12.2639685871869,17.1245246793415,23.5067402897502,34.6252610167365
"782",11.7748758898888,16.4284516279715,23.5378353523417,33.4418201029529
"783",10.2379704606004,16.2304029446596,24.0395376661167,33.9840034342326
"784",11.1751280806189,17.4066067158142,24.1449239717592,34.2851513623081
"785",11.3367679514802,17.1934051861905,24.3662105259258,33.8253450543948
"786",11.7345623086281,17.2379850013408,24.0368329298482,34.4681561965254
"787",12.076449131401,17.6794037360046,24.3968537665477,34.2813664789203
"788",12.7477002589139,16.5723814675384,23.9644372726568,34.0596941051193
"789",11.6084853350298,16.5391451270017,24.522419059947,33.0488818337384
"790",11.8059023753852,16.6859128298562,23.6972065380263,33.3924577885106
"791",12.3524813142339,17.0232170699337,23.434379821728,34.1629337629007
"792",12.4084117563922,16.7512290184987,22.7253677247999,34.3910545201804
"793",11.8035653737401,17.5634184281165,24.6000025285003,34.4831807780546
"794",11.7465974417121,17.481714175947,25.075180623703,33.0771358534729
"795",11.9216935810696,17.6588304974787,23.9711534173269,33.0221202715018
"796",11.4165192865677,17.0219479728596,24.1436293680142,33.9636280895461
"797",10.9362707480988,16.2942575145928,24.516290789279,34.3548017669415
"798",11.69308391452,15.4193970693065,23.5820180172023,33.5816490217499
"799",12.0312254746882,16.6053276034025,24.1880321414649,34.3028582099799
"800",12.523239778131,16.0302443811737,23.7973576026185,34.0028095791622
"801",11.9424722254029,17.2342798146874,24.6518750994196,34.212333951063
"802",11.7945297169932,17.0839138864232,23.756174362756,33.6383409245537
"803",11.0983946756932,17.5638533350363,24.3123328428386,33.975079146726
"804",11.3437937073235,16.8869165121792,23.680077593242,33.7298828567437
"805",12.2978326512378,17.5154625862981,22.972717436145,34.7177235325608
"806",12.185742804,18.3521669244282,23.6745551713438,33.9353018225009
"807",11.66960461481,16.2828785938537,25.0048090418542,32.8604868230499
"808",11.3868491924487,17.57341924055,23.770247532924,34.5455549033489
"809",11.9792417155011,16.8538094772029,24.5097819639825,34.0304953407478
"810",12.2168461354382,17.3810634170322,23.5508794930438,33.8677334440582
"811",12.2628373929779,17.3476450358194,24.065427643648,33.1176039383322
"812",12.1950256845396,16.9261497717837,23.2412830224744,34.4559982832277
"813",11.8057950561561,17.3076014192193,24.0462126483405,33.4677290509801
"814",11.7134049357564,16.4893717445091,24.4332712361338,34.144307667052
"815",12.4588895432373,16.6349290681829,24.8644535118728,33.493792970032
"816",12.1066435275454,16.9444969185351,23.5746968205562,34.1938026466999
"817",11.6762880287218,16.4478856392959,23.7114660450264,34.3312733521878
"818",11.224003703291,16.6281293713914,23.8852728894826,33.6950826101742
"819",11.6135740544572,15.7074012929356,25.0390081024979,34.2043419116654
"820",11.8911983208559,16.1852297719135,23.9244689866419,34.3594744090372
"821",11.5818366138524,16.4374963372018,23.2230904104293,34.4978550353724
"822",11.9972338694583,16.4967302339391,23.8435498458799,33.3344380677618
"823",12.0312854045491,16.9747934474327,24.2363150262236,33.4979326855298
"824",12.123205404922,16.6211388504659,23.211020014323,34.1526679850397
"825",11.6707874458787,17.6723835680576,24.2424239850141,33.2060809322966
"826",11.7942672219929,16.9714918811524,24.3300736641286,34.9341340846543
"827",11.8778396468159,16.7725793951557,23.8494536494177,34.1282961975611
"828",13.2015459349591,17.1144506432477,23.772888641624,34.0268260705255
"829",12.6521024975008,16.3638468627782,24.2627004273925,33.8084501171816
"830",11.8172126455805,17.0848960224892,24.2976460093821,33.8797018934323
"831",11.243237870698,16.3343309626227,24.2418583491949,34.8815863880033
"832",11.7280342922528,16.8373006637328,23.7704967995099,33.328709653512
"833",12.5753506035001,16.6108153514332,23.8732331421816,33.588216229801
"834",11.7374321850352,16.5405049082641,24.3411580375059,33.8513956800029
"835",11.1375826225101,16.9520611592021,23.7675877702181,34.4868981935982
"836",11.7519814406888,17.7345741012436,22.9791253458109,34.6845341883676
"837",11.6721994282266,17.0934679774064,24.2528630778169,34.4339268666879
"838",12.120674615624,17.1024116785431,23.2987212435651,33.9886399826034
"839",11.613484702979,16.5682144294402,23.9654450743316,33.7476491542675
"840",11.2789524669869,17.330149515328,23.2737959185663,34.2208370919593
"841",11.8565762934538,17.7338958476182,24.0923518036418,34.8033985634898
"842",11.5200188813562,16.9512386595116,24.5778862982508,34.1899758292464
"843",11.9451848209387,16.77172765037,23.9976842895331,34.053095434107
"844",12.4582080785287,17.3276888030215,24.2620160426245,33.0984879594917
"845",12.7013972594813,17.4013764327779,23.2027006394877,33.5679631623357
"846",11.8451186177413,16.8386350088106,23.6862824072969,33.4696940862596
"847",11.2590055540241,17.5269990626551,23.9716646747388,33.6132767662841
"848",11.9284157226878,17.7964472037584,24.4638735636162,33.7689862614189
"849",12.0338531717257,17.2216016908351,23.7565217729446,33.9713080480903
"850",11.3633224479583,17.2251558060424,24.253637501826,34.2396878896628
"851",10.9205540764198,17.0656276596632,23.9426462759317,34.1961249250524
"852",11.5789084620666,17.0934727579241,23.7927350500137,34.5966010204449
"853",12.2910873418724,17.2956354005486,23.8246751844466,34.0017200006242
"854",11.8318970943928,16.9345257749565,24.4007544868946,34.2069362916856
"855",11.1917711429625,16.6836066763096,23.443614642444,33.3152001754255
"856",11.2477251369814,17.6528154840396,24.0893966624066,34.6179900817479
"857",11.9893723434429,17.3513095276749,24.5488327345618,35.2328929548255
"858",11.9883559881162,16.7960808807103,24.2542170225725,33.8286691455357
"859",12.1804751394754,17.6250588470039,24.1619014013201,33.7442080582906
"860",12.3266754524339,17.4123523581981,23.7424842515174,33.5333310738504
"861",11.9455466023643,16.6376199687632,23.9303263245454,33.5568675219716
"862",12.0379536446548,16.8114613390512,24.4509702380196,33.5945991770841
"863",11.7292187157484,16.6891293340903,24.3957413229711,34.7768821719383
"864",12.5120102298713,16.2881855573091,23.4329986752434,33.8587409477793
"865",11.1586662459094,16.9085338406905,23.6729552059024,33.8593623425391
"866",12.7532042327143,16.9261090963586,24.2023038841417,33.9653529299968
"867",11.5273109786678,17.2585650371901,24.2396050717458,33.8224817422859
"868",12.0160336900941,17.4093546572128,24.7629999126202,33.8100008628885
"869",11.8400726080927,17.0949481174171,23.2845504235526,33.6982144727496
"870",10.907356578205,16.3953723714971,25.1039554262447,33.6569418090698
"871",12.3872223804734,16.7535305235837,23.8463609433247,33.5419471861879
"872",11.5313596919388,17.3443547372268,24.15289810861,33.7018279642301
"873",12.250723621715,16.4776358214393,24.5288405559406,33.5493727657639
"874",12.4664004908382,16.3884798168417,23.1107849333294,33.5227923987666
"875",11.9501878268652,16.5195511849177,24.2145373265847,34.3453048439751
"876",11.4172188700727,17.5937296874872,23.3554480021276,33.8904057707921
"877",10.9772239369897,16.0527768058913,24.2161662539211,33.8414264161906
"878",12.0550221929789,17.619044627386,23.8652023165579,33.8465585677032
"879",12.005296061649,16.5461300643567,24.0428558304645,33.8981614671043
"880",10.5793789549593,17.0555302503848,24.0594789738487,34.2790099938066
"881",11.8873837277253,16.5042508340335,24.0306634946447,33.6623936660504
"882",11.7008042455544,16.4218688575687,23.8702139725794,33.881884950319
"883",12.050168674207,16.7581999840028,23.9188471890909,34.0710609489957
"884",12.1755968786237,17.4098672470997,23.9015546518425,33.8097857821744
"885",12.7361739500836,16.8026646470972,23.6655489012048,33.8379335931531
"886",12.280831404865,16.7357466106358,24.1676776360387,34.1620221546417
"887",12.0094812350204,17.1930266449814,24.1161617521573,32.9466583260698
"888",11.1500730455927,16.2204173009911,23.8282834395841,33.7231544185269
"889",12.0723584666093,16.6157256090263,23.6720029770322,33.2862539169317
"890",12.2419512117319,16.6872109860985,22.8848323882261,34.7341402038137
"891",12.5289345175258,16.5603343542956,22.8428950270829,33.3451312856471
"892",12.2823504036802,17.6180364918962,24.4404890888285,34.3916955301874
"893",11.8024660848127,17.5245634970953,23.937825075298,33.5521946991499
"894",11.8554388290274,16.8590161209195,24.2865762345929,33.9295687785514
"895",11.4978046580483,17.8347848281338,24.4009988090604,34.0704645114376
"896",11.8807156755788,16.2110185591542,23.8917260554496,33.7888713711132
"897",11.1368062897935,16.8279832975,24.8315526234711,34.0264098700353
"898",11.6662385680898,17.1085855929344,23.5047844289771,33.5564848762779
"899",12.5217114298372,17.2096613444105,24.4522334713502,34.0257715911281
"900",11.4794014301786,17.6603666557197,23.9723202821663,34.2461465648216
"901",11.4700594313778,17.6346216890845,23.2567266324644,34.0339310227817
"902",11.9626582599106,17.3845535773669,23.4908848426852,34.8244556934632
"903",11.5371681092929,17.0884617216767,24.2722476489111,33.4363575119634
"904",12.0082361685765,17.0416938973121,23.5057406580239,33.8365796891495
"905",11.2273242867679,17.4655926417383,23.3817058732705,33.9105140270853
"906",12.5314252733841,16.8454287614956,24.0363821449322,33.8171080587002
"907",11.9360136841816,17.144887771279,24.3231113943176,34.3999631447889
"908",11.9774225687331,16.7084506688382,23.4870241938953,33.4633172007503
"909",11.0725440271215,17.9441661897449,23.3252147580754,34.1837835859628
"910",12.011427420335,17.701545575828,24.5227442540015,33.9086456953239
"911",11.4828705306102,16.7583493597413,23.7831097582792,33.3872275020392
"912",12.2026394812007,16.8145688418986,23.4270285840879,32.483988917479
"913",12.1294241911477,16.1224932977505,23.3885004769884,34.4739642202222
"914",12.6103458078187,17.1306077716546,24.0085525847528,33.1017415097536
"915",12.2512943674038,16.2936980609477,23.7498015013786,33.698628609787
"916",11.5626156503831,17.2158475406585,23.7559112630055,34.083275072289
"917",12.1011924954569,17.0818459135996,23.6093564243655,33.5794312148717
"918",12.5237627259204,16.2604054192774,23.9727598302119,34.1207981410398
"919",11.6693567799547,16.8892491956187,24.6742751175222,33.1137362020776
"920",11.3496052457989,17.0463936810222,25.174151667381,33.6474664279572
"921",12.316175407571,16.6353654296632,23.9289803955877,33.4513531139321
"922",12.479552325421,17.1886901023191,24.9461936169667,34.3706255643673
"923",12.0302619237594,16.1641171268715,24.358611515623,33.9891355206017
"924",12.5774182566847,16.6540282722599,23.9437619049573,33.8298057682295
"925",12.2328419806429,17.554632689905,24.2050434224805,34.6259671429727
"926",11.5097382849865,17.4017366970938,24.346823363354,33.7869643331531
"927",10.800562708571,17.7152762507617,24.0637174481099,33.1608035413991
"928",11.5216843806158,16.3330349453565,23.4410194249601,34.6925260323372
"929",10.7421514418685,15.8392088202217,24.3644788164381,34.1452999624084
"930",11.1022501679713,17.2812555630953,24.0565505054695,33.5064564340979
"931",12.0833929771917,16.7239003704896,23.8577745055453,32.8419492680087
"932",11.9833532948896,16.8679597967184,24.6447545304814,33.9383860456201
"933",12.2586349717805,17.4280945747196,22.9828034091767,34.4930212530653
"934",12.4340037304878,15.8658598991062,24.4776932166725,33.756985411487
"935",11.9338860068952,17.5397306369931,25.0570210302748,33.9735204865416
"936",12.702945567993,17.5448126314428,23.7744581735515,33.3793593523408
"937",11.6801772981028,17.2979960070479,23.7045255811462,34.0327604131712
"938",11.3365978171438,17.1845344126024,23.9524197446013,34.3784055679333
"939",12.0251496032707,17.0554195257478,24.6559401837094,34.1345600824654
"940",11.5515786129145,16.3301630396669,23.2766381218737,34.0246689971533
"941",11.2666511778859,17.2926089273751,24.1260830496012,34.7370638621374
"942",12.5335924336961,15.8542005082917,23.8038044768479,34.352475222782
"943",12.312607422108,17.1125471927774,23.5030583516087,34.1457347505937
"944",11.4745785455012,16.1530145830492,23.8391522011769,34.3351408237253
"945",10.9601533682738,17.1712513035235,23.2118424292838,33.9544260603183
"946",12.2498370369623,17.3677144942112,23.5966666503868,34.5789555831989
"947",11.0522338808709,16.5205253738118,24.3950310419546,34.3243204655832
"948",11.6552103416681,17.4534797999419,23.797018278699,34.3657316842439
"949",12.6117367264741,17.2940952992248,24.3735665899124,33.666149721535
"950",12.3249404070579,16.9764931466957,23.7925525728259,33.8656478173552
"951",11.8412864586897,17.2633891227364,24.325531320769,34.3062383269212
"952",11.9210239346742,17.1804598413096,24.7042566260292,34.2965079681861
"953",11.4297568323042,17.5243116278181,23.7295038558521,34.0186056380868
"954",11.3225918774171,16.4930167014194,24.4007078668322,34.1599275389995
"955",12.143667019219,17.0001637162338,24.7444815994483,33.6102104310931
"956",12.2636507693725,17.2187854947611,23.6252682955039,35.0931805074493
"957",11.7360248661256,16.960532860126,24.3139463625414,33.5678901342096
"958",11.7996686599463,17.1313348581717,24.5534254449925,33.9649194727029
"959",12.6325086318455,17.211132946625,24.0350961433081,33.7200872187859
"960",12.6805509941563,17.2719251582568,24.4563336334213,34.2256446973221
"961",11.5802244244407,16.1725052934886,23.671156011671,34.6023877723405
"962",11.3203458893735,15.8398185377318,24.1999999640849,34.0813544695694
"963",12.0774830341849,17.4055966585766,24.1226912536487,34.1765462897381
"964",11.6701454757545,16.9040347981683,24.1458396993164,34.0958486814154
"965",12.2180778633268,16.6896454658197,24.1574603447916,33.9617962307002
"966",11.8081868646948,16.6357159221847,23.9211143300162,33.8622142127325
"967",12.1259771747547,16.7925809774959,23.2143141795461,33.4592425520148
"968",11.8654059891335,16.8943993937583,23.6423942160121,34.3733016914408
"969",11.8837312234888,17.0342702099774,24.4475806682085,33.7488778217359
"970",11.4079304340458,18.1585661428093,24.7727527313968,34.1109078869875
"971",12.3409417846628,16.6793168066096,23.5371128258134,34.0713588509215
"972",11.3849425370825,16.9870380402355,24.2112771503258,34.3396773528923
"973",11.6867664568994,17.387552516316,24.4350528479183,33.9740000408593
"974",11.8353358586967,16.774439542549,25.0794612215551,33.8831507960374
"975",11.6687759380999,17.0593834824204,23.223823090924,32.8048195367925
"976",11.9753486552501,16.7164045291598,23.9682489087089,34.201320679161
"977",10.9634395886376,17.4802611206664,23.4909418901819,33.5940179538537
"978",11.0208336663713,16.8922485269142,24.1817376692258,34.1464307934364
"979",11.8128164925221,17.2430391509945,24.8023881786964,33.6608918944204
"980",12.1323827867363,17.0683801853109,24.2333201038603,32.8604914248111
"981",12.0644813500716,16.7840125596377,23.4854019255095,34.3112826222981
"982",11.4350564527813,17.4417842920363,24.6515323671253,33.9846915280581
"983",11.2740427406878,17.0702757216445,24.7459627115367,33.724370332481
"984",11.3688671318043,17.3434212422537,24.3247279856692,34.656088018501
"985",11.6707766036416,17.0333438567199,23.9811414451603,33.4989923876486
"986",11.7166266391849,17.6024079473832,23.3250492497328,34.2909807024154
"987",11.9660773128108,17.6714938213126,23.8210180962783,33.1030600295145
"988",11.8147124268928,16.9477234229883,23.7934579839047,34.3755110545347
"989",11.2677831127302,17.1045520069802,24.1557228759415,34.0934660562703
"990",10.3579020916609,16.4027155274808,23.7139574655195,34.3677066743186
"991",12.6123572788375,16.7884243209319,24.2530661936853,34.053414378927
"992",12.2315302775215,17.2577134838138,23.2507917831224,34.2524966063232
"993",11.7970113467994,16.6457878233535,24.3571740416628,34.1135973428167
"994",11.7409548936538,17.592109209188,24.4649350135706,34.0959188998091
"995",11.5905005481142,17.8472162256607,24.0461318573025,33.96537358081
"996",12.4091827897293,17.015871934388,24.5955352789711,34.3569474820623
"997",11.7307122410369,16.2844205506822,23.841070533758,32.7755757646351
"998",11.1585628950931,17.1275584622728,24.2627092566042,34.347596189521
"999",12.5065255404794,17.3353929624173,24.6853506649292,33.7063578400226
"1000",11.500665927005,16.1726506649681,24.454426573473,33.9536878902511
