"V1","V2"
1.00645426450896,1.31667737949054
1.03839125434776,1.76781179662871
1.00636268238097,1.40685695485721
1.03056003987792,1.71838556648608
0.981501630958335,2.53112622531617
1.00418958138272,1.54303377238795
0.909355295908376,1.31177782369761
0.957109033116935,1.30361323368819
0.936180171806532,1.33408493545279
1.01079171821034,1.31923323648895
0.96918515118299,1.31576199877659
1.05340499565375,1.66867713550321
1.00694008295787,1.39546356270467
0.981399627149737,1.33977380230949
1.11343843324788,2.57690956009146
0.998885229851119,1.49474444206811
1.05223867861643,1.51718104268063
0.922079273929495,1.39004395123013
1.00826837316219,1.49452408474802
0.850316041653968,1.14511359220019
1.11510221405575,2.01580032585302
0.928930732274504,1.21849439301182
0.919360479430946,1.15843479399451
1.13330790126915,2.31257471835733
1.05147252393797,1.90128044937542
1.18721389167127,4.35801840212201
0.949197959303394,1.27603828712417
0.974767340707492,1.35133610175733
1.07683234626892,1.48368839560961
1.03760680539367,1.71447555397605
0.92721243125676,1.22034322681727
0.894069628585757,1.08424805738327
0.989208173448172,1.26225261003363
1.01934295803506,1.34680665545719
0.983892066286316,1.31268160874606
0.947310712304424,1.17284649115429
1.08883012374139,1.44950780557966
0.886585921069103,1.09843755041954
1.14952448373803,2.2782490849412
1.01423593875862,1.55031089404164
1.05224307774768,2.64093861220834
1.00102448953575,1.32212509074627
0.884014328367357,1.10636371449041
0.986754575116106,1.44429749454261
1.19808700639807,4.72063988140088
1.02475728018554,1.76214319804188
1.03842683240962,1.79443972228512
0.998949550060285,1.29298493752056
0.913625168033333,1.07239347074968
1.03378578860158,1.44813754135317
1.04061538587949,1.46253509086786
1.03184579014176,1.75771649244367
1.05773294151932,1.57299067970346
1.04713244311844,1.61754655204822
1.03133967973073,1.60311747023828
1.0753402724781,1.93145742803274
0.973526321310135,1.31858594180999
0.977509938409555,1.27887115256236
1.08241366011333,1.57655974775052
1.08526588734162,1.72367216945785
1.01496129869291,1.34897213397771
0.803456557991826,1.08905696785123
0.974313349218248,1.45131265029707
1.03228985640985,1.47084901824512
1.05567719955433,1.86554163600426
1.02039457288576,1.48376577157825
0.935284832550507,1.28465252348746
1.014186175128,1.46577333460513
0.915541263409258,1.1011461660396
1.07990974782285,1.81456910371236
1.05844472204284,1.729341789925
0.944632024583191,1.39389854203347
0.928177751812216,1.20398854888124
0.970410174594834,1.39579050817832
1.05321589988834,1.64399758149149
1.03446094343878,1.63472136569982
0.947419228320085,1.3298498816077
0.946046792631972,1.28622788616372
0.928944209825667,1.20765760555282
1.04776296348668,1.59269260651262
0.933787542520291,1.29286834111224
1.04667611202768,1.44610175121274
1.08036555375887,1.95299090307567
0.914581921227436,1.21808005345923
1.01406301028167,1.44516302132322
1.03188394764562,1.68699354491156
0.929570030436132,1.21479021950468
1.05939693040345,1.5259922636948
1.00169442537434,1.31111553783702
0.930737962414381,1.33773517384298
1.12464613745057,1.75604288862519
1.05800462839548,1.50368493036869
0.965735314925723,1.422996954246
1.0822002924919,2.35110133833286
0.865090866123085,1.13692921826057
0.960531704076221,1.27642295454652
0.914362066959946,1.17003981031607
1.04533249680078,1.38094650095512
1.06901370308547,1.44875974973741
1.00540688312267,1.83241071689822
1.03899705783836,1.47947825332728
0.980323065919964,1.42665089025163
1.08234292002017,1.56251691562208
1.0044706760346,2.59585082290636
1.03036628941486,1.56662774836677
0.899101232141054,1.19478545352494
1.03305007794561,1.33145054466186
1.0334176882893,1.46350864052784
0.871319222123284,1.09330178260321
1.05178267955164,1.91621569898241
1.03372255339155,1.59793779888505
1.04007531736533,1.34361705100824
1.01376467297717,1.4119959644928
0.974409598116581,1.29880301111728
0.977307918288719,1.84914709441557
1.04132532875207,1.62689696172826
0.867951954588363,1.1809672969499
0.990702490704462,1.36984791690465
0.979852355483987,1.35306662690056
0.993659760351257,1.36557802958354
1.11719846713335,1.68333542598664
1.01555486456949,1.45438215254753
0.90936317258923,1.0896189271108
1.05866050350821,1.66245503576688
0.958322431565162,1.34065780528815
1.01170802231738,1.39151775171719
1.11570238603406,4.17286747618732
1.0387097907542,1.55157496719577
0.957040363343764,1.27868337397853
0.980610023695942,1.42637836818643
1.00653072466141,1.39619873999098
0.958890559503839,1.26149146725891
1.15819130316579,2.52334723093137
0.94552055137029,1.24745085847209
1.0659239957802,1.48806362571736
1.10102874721736,2.94565056166217
0.994216621924564,1.48362759828957
0.780017540376299,0.912404593093137
1.11622360959899,3.53322698426226
0.976609628527129,1.66627893441551
0.998905781513609,1.37118646225929
0.939551515479498,1.17927795715992
0.915891766988744,1.16253899752316
0.880958159647417,1.25653237782078
0.969528577361747,1.28512833889329
1.02692587334264,1.6354033016481
1.05125133581698,1.75171539263822
1.03580599505356,1.51612007051099
0.90665569940133,1.18612119649708
1.02985313848151,1.51807639486036
1.01824678912371,1.52040240549718
0.984576236900711,1.51533673064816
1.04175599353523,1.4951727752149
1.02011512665276,1.44646916616994
1.00168745852257,1.59598886944141
0.997140634702296,1.28015260531991
0.895389858092536,1.12540007838265
1.14686823516217,3.62228874774612
1.03601301221639,2.26001975977586
0.896565850107005,1.20140149986331
0.901875282685416,1.3448073379687
1.03082382599296,1.44219779934316
1.00999996217176,1.50153174789953
1.01040950372538,1.63937687693806
1.08152762953943,1.69022578775193
0.920781261515384,1.15344063059318
1.11042838323029,1.84055860172484
0.913861543213975,1.1511259450981
0.963737817135078,1.2053377240312
0.937798157829817,1.40296861084218
1.11392824406134,1.85012793666888
1.01208827209647,1.36250935734164
1.15067365919346,3.66295475052055
1.11768943756584,1.48236307158402
1.01002112213576,2.05150003901471
1.06026584128774,1.58885576349123
0.974325738965514,1.33244615445782
1.13688288781854,2.56428855872422
1.04354665055904,1.45650596670604
1.04360496637101,1.42084453199594
0.979835589533046,1.2801638270366
1.07682477325808,1.52275018433271
1.01208939964854,1.29018785167775
0.939911586726952,1.20649900158282
0.955480039707679,1.42052736380597
0.992134768181533,1.37739927793226
0.985975860748986,1.28169460784726
0.973305741469882,1.34984806039611
1.06227833091803,2.11092165918367
1.01325163149709,1.32754851208504
1.01925810877639,1.84085079193254
0.963629083570715,1.34480352467295
1.1265778930888,1.57956899499229
0.886737672805566,1.14145711356358
0.959627331469645,1.45008955303947
1.1281105770835,3.26023290877328
0.991050500329058,1.26986432713469
0.981740503823901,1.24341850358563
1.07319750474581,1.52125176597969
0.940046789497409,1.26231965200024
0.985039685239935,1.34079116686984
1.01067028711437,1.30280213412483
0.943919149935126,1.37230000768601
0.99255270230654,1.28908334781315
1.02056297902475,1.37254536108486
0.976609113817648,1.25482998019404
0.961431228561007,1.40125268259789
1.02716706645907,1.43479070483218
1.13113624853988,3.81987409016943
0.977736338781599,1.41178661581302
1.08200510420049,1.65878098882137
0.972524438605401,1.51700770600408
1.08031756306689,1.63729918132178
0.958354194567152,1.21619183144599
0.943317875995411,1.39766454093715
0.961457259983245,1.36372817973391
1.09713078875353,1.98169957034772
1.15352633196385,2.60513771299303
1.20205419839388,3.80307578484231
0.987493432242381,1.33941826544084
1.02393312444595,1.44267464953082
1.01828313777592,1.46901872719076
0.996748610757198,1.98367720980141
1.02477103606524,1.34073785551401
0.929250706168968,1.2202052925498
0.958213246483552,1.20852510564455
0.970158416033611,1.45222252517285
1.02133583956995,1.46570330062767
1.07544179554611,1.67497756211217
1.01650675136496,1.52450695749757
1.09138851889766,1.63319626285093
1.02926980094737,1.65907635644932
0.988697094960666,1.35999012630629
1.00417343896072,1.70222332064204
0.982782042598461,1.3512399435548
0.922201425824281,1.28421475480034
1.07797392376662,1.79478918457048
0.925799773281191,1.39542492719429
1.03363518345206,1.70986725977111
1.00957989285387,1.45978422172686
1.03585718662455,1.7916623808127
1.07502759951197,1.64287814802223
1.00117923761953,1.33975498284428
0.998511346024401,1.51804368457602
0.879930414286697,1.13699453091027
1.04181448514057,1.59475293916274
1.11762966514443,1.60059564649573
1.04924376326343,1.81975479030452
1.03903088904899,1.5263969393144
1.07006672230776,1.68590242385228
0.981887374418879,1.25205948539626
1.13598466500709,3.96642912867348
0.911671394889528,1.27638175533386
0.975771735070797,1.29810224135559
0.990363267827379,1.55268182319624
0.926187722697203,1.18919212038544
0.93983481929998,1.30924564494919
1.00476337096506,1.6010184293338
0.7920685928555,0.922320851054191
0.90932300194568,1.14105071123545
0.962786740972381,1.38669767021008
0.917138941785361,1.71912882604572
1.05496643457349,1.58005361473119
1.08933819228829,2.28478946188292
1.13276694049435,3.70095620981015
0.984230222898463,1.45870442449767
1.00402841023859,1.73022414967886
0.989965026521723,1.25977343034064
1.00947764450438,1.44475702691267
1.05874140259371,1.58162904948384
0.976552695357971,1.42308250825054
1.08729955257671,1.6986687117797
0.974039592820431,1.26934966134154
1.04950211250556,1.47290007688099
1.06505105846968,1.57859267822218
1.07393969534263,1.81665434914623
0.945918555921557,1.34088525574195
1.10066611042579,1.96517188733866
1.10023122880482,1.84104352502099
1.0250804097883,1.36310947008234
1.02058916885582,1.59437378711228
1.00335047061811,1.66040712095867
1.03049673921939,1.50893037781357
1.00697375530443,1.4656984479769
0.942566599404021,1.21619130370341
0.803525115917734,0.896539790280773
0.999541162566683,1.43636132608987
1.13270365332669,2.11586091620728
0.977013589839002,1.2465976981917
0.8813608472518,1.30442671912218
0.912189634605813,1.18788255744172
1.07203579965969,1.55119583614285
0.935300522029605,1.24416844567902
1.10417679259224,1.63475172707719
1.11444189077919,1.91422934576667
1.00628874979406,1.40180150575872
1.03006588895215,1.52814887973023
1.01800638938777,1.7053605627948
1.02563395060932,1.43161232925544
0.965925334683906,1.30896280351935
1.0203481573619,1.45207729398885
1.06446816402199,1.64768954082715
1.09551573116368,1.69932935120812
0.992396118906293,1.27439139824698
1.11827470637442,3.51489912074052
0.822724409775596,1.04921580441967
0.986998190950939,1.37568372407286
0.989948771012721,1.38555820460762
1.06968875823989,1.66406652712259
1.06282638478374,1.61010882663378
1.07064250283736,1.60671180812234
1.0110131722328,1.58090148083205
1.02722082249696,2.31806447160651
1.06295439671515,1.59281072553795
1.00421611638691,1.40833213346368
1.05620065290342,1.78953118575689
1.01230299759651,1.38268046718075
0.963001605047217,1.38804851341686
0.948453059780277,1.38445436715899
1.05613411037224,1.63442295195043
0.948416902790915,1.30419769093511
1.03878638772642,1.44831472297809
1.05130176205094,1.5993546291221
1.00773895999902,1.29153472970354
1.02933801975802,1.36160361490062
1.09555549953478,1.69771025209781
1.01237880667458,1.38856132926245
0.923869069638192,1.18405039530242
0.974335435752568,1.20026745444848
0.962641619015159,1.24096445899516
1.02350333018659,1.47760840754706
0.935653119081551,1.30392601785914
1.04280474523255,1.664320616847
0.9053913358205,1.20374330762824
0.905006783721452,1.07848905379558
0.873456420077725,1.02577951665328
0.956622601921636,1.23465673273297
1.08776978115339,1.82579598820667
1.13937673852586,2.08852436568218
0.976186259968226,1.25482359095182
1.05157300234938,3.05025394955465
0.962804297683431,1.34714276384124
1.01672037920523,1.32556453529905
0.997286477808164,1.52753251374673
0.963941872395216,1.69540724568773
1.03439673729633,1.31993394298673
1.1039565055377,1.65138875389903
1.08344388520042,1.82697853879418
1.11413668537804,1.85516302026822
0.941076084203921,1.46426308155065
1.06510392443594,1.86419123239026
1.01167460867523,1.53775775813061
1.05516318218369,1.55860165601653
0.847223166447557,1.10688675243446
1.12654605796969,1.5380981729412
0.961957044643007,1.30350742539292
0.818248058683151,1.01449519060226
0.937664595543864,1.22209282932014
1.01406439608236,1.73014863893391
0.97183550289776,1.4208949192906
0.899869307611538,1.128905741776
0.995974621142817,1.28520842156785
0.957002273263767,1.20568779993885
0.908598276355609,1.21857147424942
0.966110164206912,1.22476066540163
1.00322009661076,1.6858348009893
1.06544262655796,1.73342402426248
0.993764513708932,1.38646457528836
1.13751178723307,3.85668427666181
0.99680992079033,1.35184227618846
0.961054053868875,1.2160752163318
1.11350014505912,2.37758704398118
0.969015606465884,1.32929978131634
1.04396446869778,1.57491272320744
0.950195360774271,1.20691175312937
0.97433095335011,1.37704806949026
1.1013571015593,1.7985294754538
1.10353702965225,1.70160739827028
1.05547401633347,3.03254152191753
0.955950830441219,1.26630722011578
1.12139242745131,1.80692100147454
1.08242572312498,1.62476169561646
1.03296592301421,1.35293613580847
1.00636427877381,1.36840555626881
0.944020422585748,1.34442048251894
1.03344648944996,1.46056661877512
0.913793681613586,1.15039300754284
1.00384440205732,1.35543572702592
1.03689805759026,1.97655157967425
0.902542161640434,1.28269188530278
0.984773574284443,1.35026391407587
0.909950826095959,1.28666778309341
0.809362456170152,1.0418756910255
1.0076779305695,1.37655785755838
1.16139051222518,6.58173013672243
1.05039731897795,1.81056264201251
1.03278502995993,1.59651875401172
0.940546168934804,1.17128517809723
1.08672020352816,2.0935886925663
1.01035686128202,1.45739126144505
1.07024719293429,2.11199342249216
1.07362485621702,1.47737069256313
1.01899275417722,1.38871674600773
0.915704168081679,1.40334975685311
1.05426201467506,1.63568224447818
1.11233888335224,4.27783923049415
0.821760247192969,0.953142022850928
1.01645261001468,1.74407623888242
0.971963501309097,1.2258152250527
1.05939353518141,1.68055520241754
0.96568899016296,1.34319419359822
0.93090097408755,1.29932228709255
1.15145330394021,3.89454930053305
0.969890514071028,1.31983076520111
1.09147605184128,1.70241344456137
1.03500366157894,1.66504583129959
0.959865393647789,1.41043835341769
1.00079217069618,1.32539511961168
0.961333409652255,1.34794267857999
0.928396587488004,1.29517283365075
1.06737431672091,2.95036136544164
1.01361646638686,1.40508042193922
1.11063557574825,1.56552052113601
1.0394321193786,1.64490456265672
1.06750324597332,1.73057930889133
0.96964398836588,1.30471880739242
1.08832919706081,1.80141634261263
0.923846645750185,1.10010005188586
1.0265873660926,1.43906791861774
0.903347727288856,1.15106667849229
1.04478396535649,1.82741931929704
0.961353236155088,1.35011113260301
0.980252042783565,2.4521669172873
1.03966675448696,1.49153229652386
1.0479668058881,1.55798649047812
0.95240610650881,1.28717281616292
0.94622735314572,1.27519655114924
1.11678412938287,3.37700834337595
0.96659483434926,1.65787528306
0.913145884683338,1.23877139350899
0.969140382170209,1.30419872778373
1.13729137692793,3.24079445593975
1.02867822613776,1.87863982254996
0.977717352306031,1.32233588544323
1.00389411926446,1.66844521819077
0.917327210272802,1.07313045409505
1.0751423530341,2.32112338882559
1.10156703252625,1.60874256819946
1.03280122105177,1.39433660292816
1.07322314681621,3.39424015448083
0.918234988200157,1.24787057464416
1.02545605287529,1.52215275090592
0.996474987391619,1.33918570297698
0.971312833940712,1.33671122974782
0.970368353923775,1.34197376225915
0.864519431626114,1.11973718885682
1.10728299282699,1.46708917607863
1.04007528058458,1.62033311778081
0.948015739181203,1.23315873227673
0.952319554825293,1.26964200174828
1.00883274127117,1.2791674564922
0.989446298696909,1.43073368333374
1.00809916477709,1.28614492408367
0.982550174225543,1.63375599954568
1.04863973225335,1.49584037614273
1.1501068754322,2.48132494163496
0.891439401639711,1.17005180138544
1.02982440943885,1.54540923280406
0.937156747909213,1.53833267361825
0.898491165468042,1.15449399844502
1.02811829570933,1.62058457061752
1.0728810821017,1.60095200281147
1.05649381796353,1.54950969141147
0.912190814170657,1.10580120044386
1.01415146704947,1.35293044683758
1.04246850584077,1.94163571574394
1.05909120894988,1.48475780958675
1.0041261303703,1.60879626030472
1.07418656373278,1.60989659075305
0.901284634470252,1.21478195786012
1.16353638063236,1.95777425432914
0.941207614018269,1.43237334988786
1.0087615247922,1.44784612172888
1.02895673557723,1.81900218098559
0.985168486422053,1.36025070166706
0.937295255027009,1.16725586870791
0.961733707863955,1.43617024569916
0.968770727762217,1.24089002953369
1.03334816793079,2.83720722920224
1.08086245685518,1.56222832410691
0.995657550221173,2.71812826850888
1.05792696243632,1.63189052465545
1.11238244514815,2.07270056359319
0.952690025841034,1.47164299887527
1.09110641348531,1.70877265476907
1.00659452860307,1.33353110540061
1.07990889019611,1.61738865003769
0.933538682217429,1.23444689473237
1.13064098200167,1.73721720209666
1.08598349889451,1.54411080302856
0.96008976051034,1.40506316216794
0.983514169156519,1.29909980714193
0.910105786286206,1.241088081143
1.06178773181937,1.42298305071621
1.0268129790547,1.41747667620345
0.966350315837234,1.30888976957217
1.09700369001388,3.69359182277574
0.967659016250372,1.3281052689885
0.974780914385141,1.36504219423401
0.891909966075915,1.10086929410463
1.05224308212877,1.72288769639061
0.953456422153261,1.23111086433264
1.12604524209809,2.25493515969357
0.973421323197733,1.33267849472352
0.960068405362967,1.44966204560493
1.041645080042,1.4320479535953
1.02136137922916,1.32836723219642
0.943546270358441,1.21955856795662
1.03399592392427,1.38810782949939
1.03449448715166,1.40897228274075
1.00793588295466,1.35891960622439
1.02961038437376,1.38618037853338
0.947001227070064,1.18442195616645
0.93176895096279,1.25912886047125
0.950730116348971,1.28024400840532
0.929847107953207,1.41838720232926
1.01416120996684,1.5337201054581
1.05573503651963,1.68560115342613
0.9744451538126,1.17559500965799
1.02161295584408,1.60137681058311
0.884684541255986,1.00757239219019
0.932422220588664,1.32936403296499
1.08986928525786,1.80398140338537
1.08877424215132,1.8291638110445
1.04975131583142,1.4525569356974
1.06154629207748,1.48914916950116
0.897755571841693,1.1213800197083
0.966830385796659,1.33602360039764
1.08170985095579,1.5645191899754
0.997138578044191,1.42794788268719
0.956350589186411,1.29044298402673
0.979855550473403,1.36802961768298
1.08962292270945,1.92425162283394
1.01778407277978,1.70522565298628
0.997198056953501,1.51873238180729
0.961429253171182,1.53597759647129
1.03044141221477,1.50958451026663
1.14105258801831,1.95869987557639
0.999096996304945,1.36132525638394
0.861129285915379,1.11282883835078
1.03591216891115,1.56087965187124
1.00997164285076,1.36893703914561
0.946940692914469,1.37461423015659
0.996261884368697,1.79429326213142
1.00723332801481,1.34436712144011
1.02094512887864,1.37425591787607
1.14678404766904,2.28260251200223
0.981913389527246,1.42215443946862
0.962304292771445,1.39335422806587
0.966677729531494,1.40343091430787
1.06860948430747,1.48850745182389
0.933768611320198,1.20533042670625
1.01151785058141,2.22956307651709
1.01750721249251,1.54803665887585
0.989081000738082,1.38169959309951
1.07967968866547,1.42896825270983
0.875723496096891,1.04514536365981
0.906947118044786,1.16133677406407
0.936792979622309,1.26779343652261
1.01161434078042,1.49016827020399
0.988403817550488,1.2519549125726
1.04563627544251,1.44814625455648
0.981544911108352,1.4302670488874
0.972934333350678,1.37143731925331
1.00730807456761,1.53663201634799
1.09671916974383,1.51298408169227
0.914848256946536,1.1626253936419
1.05071456782634,1.66192686402684
1.13535701271847,1.69419233883843
1.07066480104893,1.79428370303683
0.854465267801744,1.28977243115976
1.0160608592116,1.50583945485182
0.877062102166169,1.20931892582595
0.909084069253247,1.22270498105143
0.954547200268965,1.26575627547023
0.973307551272628,1.36567037806193
1.04526877765596,1.97396469173254
1.1698652161728,1.78255519471382
0.927816043384972,1.32044335614997
1.02278798744108,1.38561690237505
1.01312394959315,1.60387762786919
0.991331478662941,1.36026495908114
0.966942061277715,1.4779974194261
0.968215874993982,1.24076246132963
0.974038497858088,1.3397816240424
1.04738125969593,1.40914242854132
0.878050200206186,1.18023079607217
1.13193034545933,1.77421375417716
1.01025638035777,1.36021183238309
0.902549692504447,1.19842184826165
0.994076315551999,1.4561132992599
1.00077258482949,1.28148347110178
0.901941584927134,1.16968462006938
1.09811929914719,1.78732963395817
0.928057561013387,1.25198099964205
1.07684290232005,1.5717373941023
0.990850442739852,1.39254888385518
1.08565818348542,1.65536620951748
1.02856332241464,1.5291107436969
1.10577364861127,1.78775542576163
0.900764569916901,1.15010035109683
1.14471722593366,1.47512604745455
1.03736770425208,1.55477013394039
0.989300936327442,1.29016543384743
0.9261955695033,1.20247781408148
0.927525255243734,1.11065270508473
1.02941987062008,1.61963128699046
0.992775433709401,1.36279971215638
0.981022049670569,1.26293728925988
0.984154943310248,1.28617909001974
0.993012144550216,1.58798637111088
0.97659609426348,1.21144015440888
0.993982209023767,1.46693890750429
1.08544844381625,1.48217848333228
1.10437204341823,1.51396001672247
1.06929704388866,1.80566009926136
0.897263852073041,1.07502981580722
0.979880054531963,1.58650870877424
1.12569609719388,3.53146187789331
1.03658543178705,1.68978985248333
1.05947966574702,1.33686503608806
1.02288725110085,1.45384037536709
1.00200978247847,1.30166687688121
0.865086023922862,1.04408053863027
0.968362319340203,1.41725664104317
1.04101521106858,2.75352909747646
1.00200067443689,1.4391282544418
0.989032067699326,1.41304135609215
1.00705989446382,1.46109473010939
1.07108602582279,1.45446696109303
0.938901922395972,1.29297722606169
1.04911719113614,1.56009990334658
1.07280622234678,1.76452295453937
1.02372161252682,1.34298449246122
0.906596309749022,1.08244763551325
1.01042066022547,1.37206495691627
1.04723870370739,1.64236764441328
1.00891641571934,1.30405706259344
0.919367379318959,1.21581778267199
1.05622815791506,1.47917474648132
1.01243991450156,1.35833775264069
1.11703905985569,1.7958062710587
0.888839313290432,1.1285794328007
0.915227289335759,1.11861924916672
1.05709034823677,1.50121957339298
0.961968576727808,1.45070373864415
1.08923467506123,1.8229472924154
0.991995397665823,1.27622207301997
1.00412331783047,1.43744886033753
0.999952204069999,1.49620134234535
0.890794264219906,1.09426437539554
0.974222184854683,1.3477516407262
0.92119716702955,1.16368090754515
1.06245866075213,1.48784608380339
1.03836784376353,1.36599899701948
0.922514335198572,1.17421288916177
1.02379614697434,2.55426980945068
0.992793391190204,1.3651006559517
1.02140555942907,1.47536277939662
1.06684568705518,1.5812259877534
1.00816104971975,1.41066159294451
1.00822146861664,1.33341952518193
0.955394716848336,1.54343263952275
0.979974883198972,1.34390759964612
0.919848628445178,1.14803486849003
0.868078788745405,1.04739257840899
1.03723761401387,1.37797219239586
0.956060831779594,1.32811590528787
1.06761745690226,1.46966192838961
1.01937258942565,1.35530925265125
0.947641028418452,1.26881486158547
0.977608853037288,1.31403350684105
1.01615538290881,2.48809330015207
1.03561194591854,1.59202892035761
0.907323043248912,1.13839639267475
0.878216413335213,1.13148039535039
0.947407891820592,1.24763584501311
1.12088482309772,1.92971709095598
0.948029573792779,1.2190742854589
0.948670519566653,1.36692631382511
0.903393405204961,1.08436033549307
0.936428553842715,1.15155762968096
1.07701882685487,1.69998589981783
1.0539729540018,1.70659096900664
1.01442407952987,1.48238387469893
1.01203502910487,1.28339361061964
1.00004322374186,1.32694489284799
1.01426557065893,1.26426648190913
1.06411224631103,1.6044228503339
1.02540199019716,1.47770425443708
0.978897858606598,1.38246236279407
0.943440120490828,1.30806301792228
0.999724187650267,1.3789210699454
1.05296038752315,3.11349557417659
1.02649794756141,1.34653149107983
0.972645528733932,1.36714797739683
1.01807840399233,1.55690262715996
1.10901252104604,1.72286750345591
1.02983750182145,1.72286836459439
0.96326829843933,1.27556609148766
1.03341810029697,1.44268828965165
0.909633582927374,1.2352047460302
0.971153902189928,1.24076283123777
1.01876868463661,1.62830762001154
0.938213194756479,1.64152015336436
0.885098251357822,1.13737217523944
1.0224369136727,1.61615978137032
0.97321209662904,1.61119902781169
0.895512993695592,1.14224422314582
0.96810768492877,1.41768290170315
1.16184272189632,2.01118078699343
0.984964685398345,1.51951332239899
0.911570963919407,1.40794736120019
0.911193483495295,1.13215477605094
0.95068549136207,1.25756215887396
1.01890370018708,1.34748366808381
0.982289352582195,1.30011054184337
1.00670675696827,1.48122669654199
0.988619608687117,2.10241565510588
1.10171254282513,1.68416639269199
1.00764990803739,1.46351512417213
0.916247036960989,1.26995958040055
0.941076463931092,1.46629504582849
0.888885995071696,1.19261962723814
0.984860339990398,1.490294755188
1.00999187248929,1.32113355333183
1.07212211005515,1.65618977672521
1.17193551205054,4.44951248948052
1.0150577491371,1.47320375240342
1.09054047636828,1.7387814355661
1.09529376809914,1.53382803190677
1.0001993403209,1.24505038832577
0.980583388283187,1.29331315573425
0.997058596461378,1.34022020725793
0.956141498858707,1.60817639421451
1.0242499340809,1.48725196022498
1.03557160500963,1.78534962554344
1.08968386478677,1.88795481829285
0.99364632959009,1.38266161723262
0.975678954854538,1.24997049633111
1.07693898408144,1.81173154379941
0.996436786980349,1.53605348603701
1.0073404944379,1.74310959781839
1.04268726973108,1.48784914682811
0.994686171092036,1.40187681593929
0.961489078238266,1.42041885256871
1.01291638467484,1.27720523334306
0.999824109653927,1.49035404007393
0.952297060850379,1.2923567358877
1.03832325759478,1.44051811438981
1.09530391541453,1.6153580026278
0.999608511738314,1.80984443006708
0.952124229715168,1.2450556855059
1.01815635084609,1.42630550152308
1.00704744802927,1.58957389675305
1.04582861852281,1.5631961139898
1.07654238985597,1.39497469393952
1.01092286507081,1.42383374760656
1.05350283246992,1.45767233224534
1.1101425124416,2.0735070231156
1.04943396110663,1.56178551044157
0.926026981766323,1.19711331683033
1.11665595687742,1.62199110226082
1.06599982944181,3.91668209148789
1.05169725027349,1.62517023911796
1.01317467013059,1.5666570567475
1.01851736365218,1.23268874173129
0.987476822511672,1.45962710896833
1.10034079095899,1.75182170072626
0.92148453799431,1.19157912011734
0.881061338448905,1.21418851414802
1.00395858823514,1.36633475719633
1.06003721570823,1.63101007976145
0.913866923158231,1.30273192522682
0.879313050718443,1.11399326803953
0.879162742827405,1.03708295042958
1.16037707810594,2.0495209786646
0.908572276741559,1.20278629868048
1.00339499170066,1.45636009025371
0.962323066308255,1.52799395914847
1.0575684305642,1.60296451258482
0.958375606848235,1.26656684256703
0.990409880754599,1.36657945120278
0.914057596608882,1.31142761396322
1.01210002322768,2.88936469956696
1.01308585702583,1.51219706197997
1.02719074165961,1.40443630660711
1.02722403326727,2.87962304171547
1.05566063968142,1.49661040516813
1.01164735378226,1.46191465178836
0.993715190872932,1.34379176001024
1.05606180998629,1.69880871486451
0.853099819308413,1.08675482827902
0.994267521205567,1.37500988834512
0.961660192332754,1.2946370877442
0.981024832938683,1.76942179526295
0.99844461408328,1.48961269640491
0.930890376172164,1.26838880887343
1.0125482319261,1.54368854817191
1.039153283697,1.82137103627745
0.928646579348722,1.32552517131301
1.07617086688933,1.49840349356986
1.06183766415193,2.37100999702453
0.95156742008634,1.27155986390833
0.887695759180015,1.18275428773514
0.951910444744035,1.20497168857287
1.04790207522116,1.70358863275864
0.860862865679277,1.15562861377952
1.02169268997293,1.59953904080183
1.03358549248853,1.44197217712914
0.996262207723695,1.32973747849742
0.994151002528766,1.39389972077426
0.990030292361965,1.23431094816981
0.859258087226197,1.18201905598999
1.0258618014513,2.35652306660959
0.981916116455075,1.32056335474916
1.04460654920569,1.37394533100381
0.998714270296361,1.43134225740743
1.02055585676286,1.42778720790295
0.950109600176429,1.52366941855533
1.01158238204534,1.35555052303093
0.908828829205973,1.07514103111807
1.09463514522726,3.36983595511607
1.06443266983205,1.55843669763121
0.89859921803317,1.20917097108539
0.962987951920214,1.2794538162236
1.0725713125635,1.53249036451339
0.940812764482185,1.35215549089685
1.03910450121396,1.56533613530448
1.04625762541851,1.48719489938879
0.977562525599022,1.42423576923118
1.14211275911959,1.55174645752999
0.987426594656519,1.5368880000616
0.984460925271512,1.38257290124776
0.882190867054567,1.17544016753359
0.962172713354372,1.21373634424987
1.04075148295922,1.72159389578108
0.84517695055302,1.02643396890747
0.906415178417689,1.29801235021937
1.00503383548585,1.36365624737632
1.05100505122207,1.71137502055674
1.01537196468691,1.42854712864874
1.00532142021969,1.30107823510328
1.03680927263067,1.42060316407789
1.01710203169465,1.39001162170671
0.967300800835483,1.35474286319417
0.96014831622191,1.25948612436378
1.0332270048955,1.48294964424055
0.813503092049051,0.966721420242207
0.947566500154211,1.30574203549019
1.00086308551621,1.37406219094938
1.07976672266033,1.72121850480424
0.963353307428151,1.22375899021455
1.02691341933477,1.40272218442014
0.976777393745501,1.26757510469704
1.0254436493476,1.35514983368677
1.06118927201425,1.58901571831993
1.10126011268803,1.56185997206001
0.939518411379173,1.26392155766345
0.922256120424033,1.12463687871202
1.02453003166997,1.57290462233816
1.02824829451877,1.6561153900505
1.07620255581987,1.462341972265
0.933054386375422,1.15379955224953
0.99475502905716,1.42264111397045
0.939182136631243,1.47338589379993
1.00758317922354,1.52596148421729
1.01722347014809,1.63005510642524
0.909442506702216,1.30024829328503
0.972506226812717,1.54721278293369
0.924824825837364,1.14026770749381
0.986769885776571,1.4384828077599
1.00877702563812,1.32998708710183
1.04990068370398,1.32756449686833
0.972413006448981,1.34040934500872
0.95855556973484,1.47342012104851
1.1242453873986,3.89360096200521
1.02622570620099,1.62075533603786
0.960473175331664,1.8061340649176
0.898577557531355,1.12761771264213
1.06841775927163,1.61184443161628
1.01361939454849,1.58740599647411
0.902160936145302,1.13251284870363
0.89249563381507,1.04367460274489
0.982856076390224,1.25896810343848
1.07824311176848,1.69869447187815
1.0429362508342,1.54208794179361
1.02790278481755,1.54043287458304
1.03164099032024,1.31516009906609
0.881801953852434,1.14040635937788
0.992280867251376,1.37379162868869
0.986925744214989,1.50936246645873
0.926971314014413,1.26808260707863
1.09156453467442,1.62424052988765
0.891140659663196,1.10641889606799
1.12820180973648,1.802039801449
1.05643415675196,1.65654019127114
0.947489082848638,1.27315280155277
1.01299568279244,1.37449505716871
1.11144018905364,1.80023582336079
0.91390516404115,1.31761220644571
0.972708465310695,1.31521084950367
0.968490448235743,1.28749423470258
0.979479405846219,1.66407066238815
1.03365423420631,1.48177863610053
0.95844531264782,1.38243573049025
0.997042948936441,1.45556628823111
0.911409924216906,1.16996686882742
1.01846271080612,2.77792211652135
0.994616779562255,1.37498640445375
1.00582006518627,1.46469431094384
1.00238896185922,1.25436745437079
0.951416570832562,1.32948049700783
0.919108796414437,1.25239086656576
0.974792755505756,1.37572476523939
0.981403602624967,1.34361582816227
1.08852539092016,1.90814429659399
0.938883289027619,1.24171052272522
1.11781132736928,2.00108927880992
1.0310387308197,1.45156169109501
1.04227742122371,1.67366060508003
0.964055642157238,1.27447341568315
0.947558863532088,1.25258545037495
1.0041375249996,1.58721045749732
0.991236141034985,1.46844265942368
1.07577327502483,1.66431370227249
0.880881704144708,1.12150631311529
1.04033174453511,1.8643773191606
1.10829191066585,1.92447544435369
1.0006897384161,1.37728275098963
1.08208272215037,1.8187948108368
1.04416994965142,1.72945138293422
1.01612422239359,1.54560409220769
0.893653146081681,1.17294021093929
1.02660229325392,1.59997187581182
0.954864626448462,1.33445229457268
0.98642505420579,1.27398602105097
1.02787869057302,1.40919414246127
0.965178806180207,1.47688672366037
1.10038517587444,1.94827743532044
0.905288924848218,1.11346628670545
1.02193966199592,1.4524246085041
0.864124627511432,1.1303752115277
1.1308424081838,2.80435292873177
0.866484080272779,1.02898831792314
1.01738380736807,1.47017273726732
1.09400260911777,1.57409154042398
1.05960326839204,1.67356203447658
0.934116293381612,1.24954864354145
1.0711284862283,1.63382151426
1.02427309026481,1.42038211561953
1.02524253294188,1.45363626558755
1.14900518553765,2.18920432280607
0.949681949063386,1.14763071395797
0.921521734663647,1.17726897777623
0.940375429619726,1.30569180204864
1.11019235954264,3.32884401173073
1.00399617791836,1.34510408034877
0.985942337542387,1.34422149562416
1.13644217199316,1.73389460703083
0.935148959537024,1.25162520581836
1.01196667839716,1.52922428854157
0.934859999185773,1.27473402548102
0.979082133790132,1.47639185136872
1.06616519027951,1.94739908384518
0.999858778666692,1.30453147647087
1.04125972655532,1.58140210383109
1.01751671892589,1.30626113650469
0.907618160731577,1.2217966949053
0.999805791070752,1.4531089784526
0.970498588118952,1.35590999132221
0.983092665512378,1.36441509272497
0.950999693139597,1.45890504298484
1.08716677318305,1.42750870832177
1.05720906103874,1.46742635759748
0.942631398288514,1.31879364113848
1.08881146356255,1.58087468520676
0.961827873321584,1.24038868274859
0.8373282891743,1.02042403673904
1.07549701701213,1.62494021229293
1.02360526566358,1.46859031575079
1.02280189467334,1.42016241915538
0.993708911876436,1.3059968472241
1.06878487854274,1.51206444081529
0.99744225561468,1.33076368730559
0.971959048968245,1.29053822967089
1.03560883911878,1.8100817307864
0.928221281843623,1.23472757083846
0.896012612502681,1.20932170680646
0.998780073862041,1.44315414108896
