"500","1000","2000","4000"
-2.21964364129209,-2.0947071100754,-2.52449470681653,-3.14966629836889
-2.21566598695312,-2.58951986300771,-3.00979266102139,-2.7005431897009
-4.79319144133473,-2.39668367374389,-2.59394504127682,-2.66502156174595
-3.67102084048559,-2.44412412910247,-2.53903879779218,-2.50046675875512
-2.98328025620503,-2.99354486911249,-2.65190389943812,-2.34049575541299
-2.97015656758084,-2.51793228426743,-2.62398473126001,-2.75700196769164
-2.5421285092006,-2.97503032371489,-2.99794014024206,-2.64919275160345
-2.0081772957661,-3.1898489418455,-3.86239895698739,-2.80167202458927
-3.93325509691289,-3.25106614227125,-2.90526440618194,-2.57321868591644
-4.34150636042556,-2.60459525436262,-2.09306794068128,-3.08392804139285
-2.65169491741794,-3.3173612227171,-3.36659584332859,-2.85323212462028
-4.31454992598512,-3.03829940622158,-2.74316987309626,-2.62140218797675
-9.68070660069378,-2.77366060458062,-2.8007816311469,-2.82182918270075
-2.12760126465209,-2.83303569294124,-2.80896356207834,-2.56303099355719
-2.72191161758916,-2.68039703294027,-3.01623805415424,-3.20736103648342
-5.18648823474442,-2.18823838865227,-2.61099565153412,-2.75425582179956
-6.25749152689238,-2.79992446028333,-3.05001500844113,-2.90473461004568
-2.98818196978985,-2.5797124850345,-3.43446932065851,-2.81438196060168
-3.7429311309934,-2.80659337243386,-3.79815543350594,-2.6826865135525
-2.16112957407785,-2.46658443061909,-3.46553028277474,-2.64393971800598
-3.43810495175414,-3.32391728196852,-2.66964381761786,-3.01974655175954
-2.06505328893317,-2.85737735724127,-2.67370828333938,-2.59674857159119
-3.44577494530309,-2.72410405989742,-3.20731268751202,-3.04038113545774
-3.77575313333886,-2.57408381970843,-2.68957222127655,-2.57658503977799
-3.71234972031273,-2.66397142993992,-3.40711179638076,-2.83373240657288
-3.04534517842707,-3.50427827346224,-3.08903233102112,-2.81158597941116
-3.29182181609014,-2.55141161985841,-3.01569737215173,-2.88406243415636
-2.67569954020219,-2.79762338649086,-2.77696512095636,-2.43717952999684
-2.33562399635669,-2.53684023848689,-2.8794324419352,-3.38868018945879
-7.75754001906073,-2.6025619385282,-3.05483401040053,-2.36662256503064
-2.46814103219734,-3.76750202992463,-3.01741111082107,-2.6264832687719
-6.883101985654,-4.48909385619446,-2.90690694735837,-3.16162934796983
-2.45127680950576,-2.58437472136768,-2.62316686461117,-3.32197396035545
-3.92785448342332,-2.91266784336457,-3.04968518649329,-3.18527227147599
-5.01778780830524,-2.59161550687793,-4.15915705100255,-2.8932975487786
-4.28158383748497,-2.60970373364244,-3.18170160004398,-3.22699934364762
-2.30055388406319,-2.29812671841263,-2.46499604364816,-3.28045485847125
-3.29587739354231,-2.52083319305343,-3.2540142657212,-2.74933562206541
-2.14009668403571,-2.99339007835378,-3.22829659160637,-2.56307713998279
-3.46834665614895,-2.44850180308479,-2.84433162184297,-2.98643542346998
-3.40486174574048,-2.61486532227606,-2.99254808384389,-3.04934776387581
-4.10401704474819,-4.74502603985622,-2.56007165998686,-3.03522779680835
-1.9975458442201,-3.01851722938605,-2.54486988127285,-2.78995631885974
-6.81333603512881,-4.36284113527361,-2.89610034515702,-2.90641420173257
-4.38904803942008,-2.69902574073646,-2.73989527265009,-3.20243781479841
-3.17105303067893,-2.7186537022233,-3.13730137544067,-2.7456953975882
-2.53386156779035,-2.80369027095814,-2.38657317451889,-2.72843006078707
-2.54284472919012,-2.85490814629847,-2.88374305189435,-3.4980889500112
-3.1918812322338,-3.51630435375059,-4.29448329477164,-3.02677481235884
-2.04757422037298,-2.61144707739174,-2.95989971718974,-2.42826604773791
-2.9941439789386,-2.89889082167064,-2.95547234468505,-3.12404397923012
-3.5389636757085,-3.92555209881363,-2.70401206178416,-2.6609093935255
-3.05961896706401,-2.44357058226846,-3.03492302892822,-2.83241914890331
-2.82009667327451,-2.57040268982435,-2.70141674120531,-2.81647107577896
-3.69476928469398,-2.50208548259122,-2.41036018194923,-2.48234282267412
-3.41401259257623,-2.32551019785191,-2.68978537679863,-3.09550236624743
-1.95937213149938,-3.91605046115757,-3.07024423188458,-2.64163487195657
-3.28635253667693,-2.61375492040527,-3.8293770172437,-3.39262785141867
-2.48153889600535,-2.49343667504213,-2.76704342254023,-3.01374616820616
-3.06014046026163,-2.7548504395574,-2.48333427211197,-2.58241015156691
-2.47523827684057,-4.19550598971056,-2.81706353931903,-2.48473846290977
-4.03468844305384,-3.94001026386682,-2.69775170335244,-2.61345578843033
-2.80364062574628,-3.35955711222688,-2.39697617214748,-2.57605300450631
-2.48641590356739,-3.3706989640051,-2.90796863504214,-3.20438706180361
-2.24195795876523,-2.4575559951513,-2.42686018708479,-2.92249241011118
-4.19527040042263,-2.4687946868938,-3.0380083374439,-2.88135428261383
110.300169044977,-2.86260498302251,-2.47459059537467,-2.84889342273645
-3.20729823679402,-2.31867328114444,-2.55310665085597,-2.83446270838649
-3.05431007865929,-3.5728708454374,-3.03780195426197,-2.8355354101562
-2.37552738576054,-2.1776292543443,-2.50285867892577,-2.60464754612208
-2.13956906689942,-3.04210132524139,-2.97252457163716,-2.44881560941832
-3.528607728019,-2.99625963876513,-3.62711023383876,-2.80281637826194
-2.45912728971671,-2.97649433025411,-2.65942606703323,-2.91559205385879
-2.30275431245656,-2.36861989580502,-2.75236132229753,-2.72358762027643
-2.51887026424807,-2.6606035511112,-2.55023394377362,-2.78863653519543
-2.24577523784723,-2.60278986084762,-2.82366888389542,-2.43255086165337
-2.6880521039995,-3.23125502567624,-2.60096766376443,-2.74376679181636
-5.03558462757846,-3.45963431146854,-2.93474199355642,-2.77012910015977
-3.02998767118095,-3.50704689372835,-3.54250536363234,-2.58764671706768
-3.46200409751405,-3.44646205455287,-2.70726061298657,-3.10970655114595
-3.49054046213461,-2.80283621693224,-2.48552715648212,-3.01705073645088
-3.24107388333268,-3.87280806527548,-3.57555403172678,-2.79707581433526
-5.92017692670263,-2.22786434601939,-3.13289087588342,-2.80623834444709
-2.69550874873212,-2.82987909109315,-3.40604684650077,-2.60745493771819
-4.80815225936359,-5.26281164825405,-2.61625035088426,-3.13894237142737
-2.53700630714975,-2.27300765471683,-2.48856149376703,-2.95168183302786
-2.25722494001089,-2.31645909392261,-2.59333118954255,-2.99793385123965
-2.21675952433906,-4.31464799497724,-3.79724318334197,-2.956200021033
-2.19380522729088,-3.61025384377707,-3.47373295212059,-2.87801491516836
-3.94631127391423,-3.17642574441821,-2.83189947679338,-2.87748764749637
-2.41531996405991,-2.12418747843365,-3.13711332470925,-2.93207650012939
-2.65026340458411,-2.65345766659912,-3.41455921318768,-2.64881846796852
-1.87187477620975,-2.8101587814108,-2.47544846508211,-2.25913904944203
-2.40831094338684,-3.85027982570033,-2.25430737892031,-2.66860450992277
-2.67327911336531,-2.48711375840488,-2.82813001263022,-3.03126728732835
-3.77643759025039,-2.37486224314371,-2.41824260739025,-3.02959674616831
-3.03518349394745,-2.57312432169753,-2.90489921236931,-3.11079215001452
-3.68129898612481,-2.59741984381965,-2.75995335754228,-3.83881726776246
-3.65837050455141,-3.3943261445282,-3.26984794313558,-3.39488574447469
-3.40330999053069,-4.34460735609431,-2.83099740820066,-2.62248024069668
-2.23803434245839,-2.84192759008129,-2.73177705692642,-2.84923357608976
-2.93297866349458,-3.28367587697932,-2.40654282187137,-2.65560209159065
-3.46457756577948,-2.56592217980972,-2.82577678896723,-3.08037951145712
-2.35096476219276,-3.41507720233635,-2.36987340822489,-2.68573772069192
-5.69623058535476,-2.60788233005775,-3.14321900485609,-2.67908097688164
-2.27114426252441,-2.86996249354286,-3.04645948628042,-2.62215624336989
-2.6062310620808,-4.36337826914706,-2.36199801829692,-3.54541213640863
-3.67280180414209,-2.49793683032066,-2.5781737903773,-4.00909386425993
-2.0284508984647,-2.42367084673383,-2.97526241985037,-2.72790193144332
-2.44776018119936,-2.33327030274217,-2.62135104901245,-2.35755738770234
-3.05067267179658,-2.95998752375104,-2.52917497397363,-3.04177261078168
-3.63617123270949,-2.36221308281415,-3.08396248878944,-2.7732837851106
-6.86029158452327,-2.5115629018578,-2.7071712504853,-3.37646957154093
-2.3624639769053,-3.04378548258771,-3.98505355322634,-3.48049495436322
-2.6168130665057,-2.97443405935108,-3.43731915408199,-2.51781644607598
-3.31794106332559,-2.59019530111046,-2.51579447033285,-2.75836828017345
-2.53474698059981,-3.36311433725255,-2.85446952829963,-2.56435912753136
-2.98636894478644,-2.77293862461126,-2.70325081344152,-2.59734161248769
-1.98497066024915,-3.42022280445385,-2.86767135164986,-2.79960013239818
-2.37951746766681,-3.05422970211412,-2.65388583482079,-2.90888377250558
-2.26022860730933,-3.60546274149264,-3.22515833341465,-3.04652069935935
-2.67026381602134,-2.42114919590762,-4.94884043422166,-2.68054220279317
-2.8332922442373,-4.14195255274914,-2.76314921282506,-2.89818859132438
-2.38950471377763,-2.40315615004424,-3.65146070365941,-2.99976299472073
-2.95069907841085,-2.62912909568929,-2.69422832995432,-2.79899934426711
-2.50459069842698,-4.73933302532397,-3.00168976629431,-3.06565600738585
-2.16936060428835,-2.30328014199951,-3.26443707591168,-2.67952430334951
-3.62047342383528,-3.00442042468021,-2.822458791842,-2.85731827543221
-2.73531903483982,-3.20196371012801,-2.17502377015586,-2.65782431192378
-3.6662451989392,-4.29416421505352,-2.84865693870107,-2.3302602857134
-3.21837073006854,-2.59215730610102,-3.11004396333354,-2.88772412312912
-2.06721185536701,-2.6212675391066,-2.82999243442841,-2.73803375233512
-4.53739653854665,-2.82879850457238,-2.96907145509345,-2.62346868369619
-2.7843345290309,-3.01561301795899,-2.39705748995185,-2.81114444793742
-3.28268659445668,-2.92442681545122,-2.85207842405641,-2.80126693341492
-3.27437502553877,-3.17333960029245,-2.31551070952657,-2.91038572291211
-3.80140588199147,-2.96166469641225,-2.7557589706733,-2.62687766390967
-3.2887983391619,-2.68572214936852,-3.06719930031961,-3.26880953048099
-3.22253717197572,-3.73111069963755,-2.90747838503093,-3.04907016193789
-2.92578151845298,-3.84525589493852,-3.27136129256932,-2.47790147125906
-3.99828912362477,-2.25479356026385,-2.61502928318178,-2.83042339570431
-3.24671091101359,-3.16438987620437,-3.00207035986167,-3.3192714391413
-2.00645293432144,-2.75991476742577,-3.56280861919573,-2.85133507024014
-2.37121443334192,-3.85301663076385,-2.80281476688186,-2.40282118933695
-2.66454680234745,-3.30683462933148,-3.01634402511367,-2.81378404624939
-2.97923128752752,-2.43343715243855,-2.53796031265507,-2.79608775591091
-2.45703267771856,-3.4224846251007,-3.46687793930093,-2.66383423987528
-3.07303836359976,-2.34206847477733,-3.15231405097338,-3.30351506570333
-2.98921217178317,-4.31491094368048,-2.53935534335672,-3.17318714950511
-3.77217797418184,-2.48626704818901,-2.69651094973355,-3.17736864643037
-2.61518343588834,-2.79705016955784,-3.13768421365466,-3.02839862285518
-3.63629962194322,-2.87343320301137,-2.49560942505416,-3.07995977362473
-2.20872300346934,-2.45713713248925,-2.83153517378908,-2.711675026064
-4.33658078464585,-2.2927814275987,-2.43102635933735,-2.76855224130859
-2.99364704883783,-2.29619677126612,-2.11929309173601,-3.04097795941393
-2.97385641332272,-2.80135545361988,-3.3247736328923,-3.6063246069567
-2.63926643905306,-2.74269432118299,-2.83201921556648,-2.79750451873974
-2.40120167853149,-3.11342694710325,-2.81903684461205,-2.72089582860803
-3.1630779907374,-2.26982966793065,-2.26583143127505,-2.37515670146799
-3.52095457661136,-3.35252540969831,-2.59538444623852,-3.04638912375983
-2.72309967336433,-2.75990018141397,-2.95904182367445,-2.82720621774643
-3.991192312771,-2.48776244783567,-2.45703335026971,-3.25975900173631
-2.15090902993646,-2.64366078916064,-2.58974292946737,-2.61857431871993
-2.40050328559784,-3.43623116883576,-2.80247412835926,-2.84500242612975
-2.54015939224093,-2.81416435645195,-2.43200623093708,-3.03345523526743
-2.50545608348182,-2.06410110897927,-4.37052121181297,-3.08139852815053
-2.94608934492105,-2.45897875346017,-4.28097612921295,-2.78162776124763
-2.57983681693687,-2.37384401168574,-2.99863301196329,-2.51741958156838
-2.87592114783559,-2.61647988611573,-2.44648433257771,-3.21562418877589
-2.16486254949403,-2.62239482897619,-2.61913168373464,-2.83545775897261
-2.02545841669332,-2.34809853844583,-3.23691679481221,-2.99990041826371
-3.9799609118865,-2.58884413716365,-2.4568816057174,-3.29157793189047
-2.43898885847256,-2.74593684692695,-2.69919843019446,-2.84153021196736
-2.46993449115644,-3.03895859021618,-2.67561176008836,-4.18049544841269
-2.7062938123491,-3.04652549940541,-3.58577720632118,-2.47364698975167
-2.45874337526236,-3.39060311444729,-3.20332036771027,-3.61244142093222
-5.09458565437915,-3.01579108735641,-2.08099983875641,-2.90456546517419
-2.76154067249213,-2.56598375641282,-2.69042583475378,-2.5833493455116
-3.33922034259004,-2.33781167969675,-3.01733764545979,-2.70921198998212
-3.17447518972754,-2.51223153727136,-2.44876055304865,-3.05987735535433
-2.62718027892344,-3.73317598271514,-2.85175612969857,-3.40767817631732
-2.65138820904415,-2.60853791824769,-2.85156558072461,-2.82147019110233
-2.14282967723485,-2.22451949202721,-2.30182517350071,-3.61258313341109
-3.10019699131171,-2.32710353418983,-2.88337187170606,-2.74438120404177
-1.75695554498229,-3.69346722990224,-4.19018309131469,-2.59088199933266
-2.51458299608143,-2.87711563783982,-2.94919685391943,-3.00130160502569
-2.28367311090091,-3.24895009058392,-2.54311966044746,-2.51015245404476
-2.48815463168765,-2.61304536500607,-2.79469207119603,-2.6133998418519
-2.17529863509391,-2.38592305460545,-3.02354038022898,-2.83369580599719
-2.06897677715462,-2.47711820925224,-3.76503010844935,-2.80869653050765
-2.96303388251233,-2.34500762737191,-2.72113446562891,-2.43319896283935
-2.12301468826176,-2.60587303951599,-3.02745099018693,-2.86928996224373
-2.23524216547777,-2.6981489531671,-2.40589606351651,-3.29625212416188
-2.85444544939467,-3.61601574869451,-3.18483297152857,-3.18994791712339
-6.65467400721039,-3.64146821518249,-2.83767613674489,-2.73821830698871
-2.64934059913098,-2.81896877567499,-2.91728086462344,-2.96951047752002
-3.11044005835097,-3.28990473856805,-2.4438248540611,-3.26817933938438
-2.92618272631241,-3.08899284347136,-2.72360433711688,-2.92966591043391
-3.76813939043079,-2.53251015872212,-3.30324703088898,-3.05272404428633
-4.86543675339245,-4.36402589603845,-2.45919569441505,-2.84701125915203
-8.30883340150144,-5.26616385808846,-3.11131149149901,-2.96538647492643
-2.41249603289492,-2.60033609859569,-3.14746946921415,-2.78119216992355
-3.08784496745405,-2.79119383187287,-2.54988374992958,-3.08687402327241
-2.66802976329406,-3.95825089869517,-2.65067172018236,-2.83117791797157
-2.95089044822182,-2.45327617084958,-3.61250752614031,-2.99248632795071
-2.30143121614776,-2.68520292419544,-2.91469787815993,-3.23983955331935
-8.57505125037302,-3.16510815968081,-2.63591756611966,-2.75194684756326
-2.57030306580737,-2.87561953006715,-2.85540756816029,-2.79477229247041
-3.6531949725198,-4.46160366223167,-2.73013763796487,-2.62783538145098
-4.22048136629187,-2.49482997762049,-2.80624141820263,-3.29413476819409
-2.98322819360165,-2.89968715964329,-3.22910782480873,-2.83025955860195
-3.3176731588676,-2.7792118193893,-3.16213088497168,-2.55800978133289
-2.83502114364583,-3.73297693984608,-2.53463023932072,-2.72408166485663
-2.97223155275712,-2.74569543310873,-3.04250156078446,-3.42878298981969
-2.8229731968201,-2.6810665516873,-3.52880075400133,-3.10015327317554
-3.30064438742219,-2.48081437354279,-2.54129254740019,-2.83389217594788
-2.18676577152015,-3.20768856756905,-3.75754077937597,-2.72004198350182
-2.77774762513121,-2.34348728190076,-3.46657233304599,-3.13219259240784
-2.22916179219365,-2.60554445463518,-3.66947242150198,-2.88216069950182
-2.66261530354828,-3.01355249786465,-2.87493526649302,-2.88503703268315
-2.79692291421911,-3.27007132245533,-2.76930650380779,-2.60539729760301
-2.92442311988212,-2.92150002524792,-2.38850428771747,-2.5130037602005
-2.47272909014503,-2.99491775967409,-3.56344876333007,-2.62429483418991
-2.83799194088742,-3.00426927616586,-2.75166096657223,-3.01261748202532
-2.07706021205156,-4.28984811553832,-2.83857058796207,-2.93410951680844
-2.79494540565648,-3.41265783230377,-2.482115458224,-2.73955736931685
-4.29354648512991,-3.27181823434479,-2.45627617102051,-2.67146267466862
-2.34595925695288,-3.84957319480591,-2.50837448364475,-2.76127438544254
-3.89449679842563,-4.97994386788209,-2.80124569520432,-2.66100522868726
-2.67250387996461,-2.42123493843023,-2.91376052372743,-2.89119996759748
-6.91539731001549,-3.41078882688707,-3.34879968637774,-2.72490303019596
-2.68943447389613,-2.31467894552741,-2.55766626480394,-2.866798866516
-2.11650509703528,-3.00557903959325,-3.35882957235924,-2.86789982035789
-3.17351376723288,-2.47958932110769,-3.37396135286383,-2.54154534216351
-1.80429602368023,-2.94203193657308,-2.69032221247866,-3.30233502562499
-3.36238965067507,-2.53816380588886,-2.60353483506653,-2.53414614958822
-3.43917662777493,-3.79721103267634,-2.59561880915082,-3.0152788775154
-3.22901847739782,-2.97285194122703,-2.30105588399368,-3.05253295197635
-3.73988091661471,-2.85326813552601,-2.88780491178341,-2.40126329511937
-3.51945655389862,-3.96187960635358,-3.1472609214082,-3.00496335227182
-3.65634799385425,-2.66622412871763,-2.88266156843523,-2.84650828303372
-2.6979435741072,-3.7954182490609,-2.34702424968466,-3.337871880548
-2.46595785521342,-2.45605232701276,-3.8204715505604,-3.06067674547167
-2.46010982703882,-2.61091221550809,-3.5503764701671,-2.88599453026532
-2.26464623149497,-3.92039589567071,-2.84142884599298,-2.38904834701443
-2.87661975108403,-2.84397381091436,-3.24104685297468,-3.36407199195661
-2.20784599500689,-2.98113673637138,-3.10507751250038,-3.28838708589012
-4.48253231539399,-6.88727545295164,-2.55372212361342,-2.62775156448338
-4.45127525536106,-2.0497131551141,-2.50193842743211,-2.94807560491201
-2.25330148475628,-3.97309491545092,-2.80849164573802,-3.27767151073557
-3.25148820119205,-4.46947321330564,-4.27218096934273,-2.9326090984401
-2.47756358360402,-2.70031078728204,-2.68269200541731,-2.77997514006287
-3.59499374977634,-3.77925138981792,-2.64299601142952,-2.56547890581196
-2.28871100793602,-2.48402822848586,-2.87562781747105,-2.79875795339739
-3.13424733344372,-2.79853573458683,-2.92210059249623,-2.72780208406947
-2.87624935069866,-2.07618282834411,-2.74000752834209,-3.02294037450434
-2.40912501847062,-3.84611451522046,-3.15145843196386,-2.31401498245385
-4.21153995359559,-2.82035819169775,-2.49533139070509,-2.96546236590732
-1.93636245171464,-2.7939987627218,-3.05455576807404,-3.29909714312988
-2.88745107838634,-4.61421019823176,-3.04904385729094,-2.97205470008261
-3.36647669255232,-2.39914182446635,-2.42975335491059,-2.91296604180155
-4.43659720779147,-2.67199446466058,-2.49043966926035,-2.52348786075486
-2.97644762726043,-3.10949502659473,-3.06884556894253,-3.11457371027578
-2.47191461304168,-2.6140980345232,-3.23137258443814,-2.76850340748761
-2.65470093838168,-2.77189511940166,-2.83724353724915,-2.68691635953253
-2.0703791620956,-3.04215328189747,-2.70048784465278,-3.08805807700653
-5.18385474760823,-2.87769012186164,-3.00196923747396,-2.87538498696284
-3.4957975148908,-2.12914697731355,-2.70325644127589,-3.32182992042993
-2.63278880783466,-2.37444735985829,-2.74249221809671,-2.75872685265641
-3.88085410696399,-3.1826667768895,-2.62186303872349,-3.2188570237055
-3.32722054419865,-3.56723520822176,-3.08337657059404,-2.78623481738291
-2.62327820005497,-3.16052826119704,-2.315178672813,-2.80018156816104
-2.9357741280745,-2.63575131695523,-2.45063154433901,-2.58291203004171
-3.2035417170877,-4.62738028668043,-2.81326279853183,-2.78294508602107
-2.58059859640437,-3.58253613372779,-3.57068994074385,-2.60377399014902
-3.40462661643858,-3.07083417824515,-3.04013668538765,-2.61657672620633
-2.42483576366144,-2.1719125522703,-3.00268537069288,-2.48408555597086
-2.97611549231825,-2.82509120367322,-2.79518981015763,-2.9029103917535
-1.88841610816814,-2.62053347339778,-2.96602431132226,-3.45682804172057
-2.54936409486822,-2.77209005607975,-2.92314820884894,-3.30566109103618
-3.25197164566515,-3.14619558339093,-3.50505262962951,-2.48307767070187
-2.59658913171861,-3.29210194430697,-3.06057827026427,-2.66966705518582
-20.6240034918365,-2.27675671446637,-2.53299366143616,-2.95719808971095
-2.24888385113087,-2.01629450065367,-2.8904570300509,-2.94148175495679
-4.255523811011,-2.90478861674953,-3.14459873149974,-3.02568258978611
-2.52258166042049,-1.93312011012702,-3.00496526683131,-3.29297268208522
-2.74934386706831,-4.13578441239199,-2.64813084833809,-2.41008142126546
-2.64274319708845,-2.4959772535861,-2.78504293097613,-2.63356601892258
-3.75198539618011,-2.24001708998943,-2.57804579534562,-3.2224785519419
-3.61968998093837,-3.04091334582515,-3.27489440945635,-2.60917982975285
-2.26260746503258,-3.01965196895904,-2.46890204013086,-3.00940324363105
-2.53312365304889,-2.77744410009638,-2.95014547941047,-2.84495373835903
-4.46147337479629,-2.44019291000998,-2.38337080384819,-2.84248295819644
-3.32735958529292,-2.64376227719847,-2.55442524474635,-2.99463753067453
-7.10144248007168,-4.12216791363461,-2.42776638940628,-3.27977799220409
-2.18968612995213,-1.8607251298301,-3.27354814797001,-3.2665950275842
-2.92486968940236,-3.69808133141092,-2.93946531028269,-2.5256110138424
-2.3756205498491,-2.59820404954152,-3.40879490279633,-3.01400758507539
-2.9938019703805,-4.37653738966182,-2.54560425213207,-3.35108734601387
-3.69596871895472,-3.7587131330822,-3.68703264935011,-2.81276859863662
-2.18733071618417,-2.68643978787017,-2.40663967189614,-2.72943682954579
-2.39267452629207,-2.90725066981902,-3.78369913075714,-2.51170846964008
-8.49205670242453,-2.79373369167883,-2.35185855854766,-3.27541906808587
-3.14918718394631,-2.61938169069905,-2.4055343651229,-3.14092591376159
-2.95997642359744,-2.31052938136764,-3.46115720503684,-2.81963659771156
-2.56179038580628,-2.5282472969101,-2.60544787973793,-2.6584207869999
-2.58834670013729,-2.86976523802886,-2.56090771908755,-2.93506992610514
-2.09970881061503,-3.01960644291707,-2.88751963217129,-2.89700480325195
-3.98850472168014,-3.29112435574965,-2.49031923620032,-3.00274395171846
-2.80091824088686,-2.6756960798184,-2.48275648856786,-2.80064899404347
-3.80136550155477,-2.77441688045156,-2.42128094309785,-2.61130101026054
-2.59526712435801,-3.1065068397887,-2.87800088162178,-2.85829448906286
-2.20159081499455,-2.58253161800159,-2.45277789178665,-2.66208561685403
-3.39168495900879,-2.69154094785128,-2.97366583732909,-3.09192097331917
-2.42642004497008,-2.92974585049125,-2.40046249539044,-2.85701248635452
-2.65766630644427,-2.15543187941824,-3.21673580964041,-2.43785045040284
-2.51058830988403,-4.91716934306255,-2.92600023908389,-2.7079198095726
-2.39820484037079,-2.67858354286759,-4.00882118881231,-2.6996474572619
-2.32900697377892,-2.35252931565278,-2.8327342006358,-2.85487889482104
-3.71558838408581,-3.95984174481099,-2.53485427543506,-2.82145614079123
-3.44946520122081,-3.25846046608856,-2.49212004541514,-2.53206034139089
-3.07145165313124,-2.09216064050871,-2.47272487057858,-2.82093432368504
-2.51892891160871,-3.72500812704982,-2.90670814974365,-2.50718548776054
-2.54891292661807,-2.45773110583414,-3.67145683068809,-2.75044636412833
-2.31907198368712,-3.05692413793546,-3.32458710700239,-3.15709451699479
-4.15513620166522,-2.52517101001003,-2.64556875815879,-2.59188166651629
-1.73083372828149,-3.6924159964995,-3.07039768205427,-2.44497970281068
-2.85558079418668,-2.2628264662799,-2.78651739833097,-3.26897183018412
-4.02801210206103,-2.57542730954265,-4.59154401595903,-3.39971354785208
-3.21794440755623,-3.0644715068829,-3.06044721377592,-3.04696953664692
-5.32053804726798,-3.26798361833819,-2.49923820714543,-2.91542286882465
-11.6568376133457,-2.86152022235265,-3.52131470154301,-2.7772810278348
-2.39795760549661,-2.75783923621309,-2.49796600528302,-3.45759516496558
-7.22457262109023,-2.66693397021931,-2.89754776930014,-2.83601143776488
-2.64550272825112,-3.07550173206518,-2.53852778526566,-3.05541643845349
-2.67631997323787,-3.20149426911234,-2.66116867088227,-3.56840023617282
-2.1573693946813,-3.0619695629755,-3.45937288646584,-3.42109827592524
-2.10552228512702,-3.46573786409868,-2.75653513364186,-2.64207624919903
-4.11555101599863,-2.69439708970126,-3.27899034540503,-2.64299698903806
-3.26666616924052,-3.12278714211102,-3.38198088974995,-3.2259532814573
-3.59672750405405,-2.86398879370998,-3.03436490533158,-2.74384545684689
-2.09657369286919,-2.73575056252659,-3.49011820213786,-2.50616948134968
-2.43922509520575,-2.63793468327647,-2.46944684821351,-3.02175208476687
-2.04499152564423,-2.97656887591019,-2.9128341541516,-2.82292047940236
-3.73100494503947,-2.49059816986184,-3.01995888835878,-2.63655649856828
-2.3056225746357,-2.79701083115496,-2.38678670954765,-2.94349845898063
-2.52609030381656,-2.18052082048287,-2.76250621067151,-3.2859061132297
-2.61230254041442,-3.95400092356158,-3.52914857891726,-3.12534320201809
-2.62398835565093,-3.00358212510588,-2.65222097303962,-3.14574078860651
-4.53850516481634,-2.56915346397266,-2.35584070161146,-2.45483435249224
-4.82667946484599,-3.37941406116002,-2.70784839476569,-2.63149724997132
-3.04436741332389,-2.40140718617956,-2.83877632355101,-2.85085165918207
-2.42254362166863,-3.34334789620461,-2.5800915333041,-2.86743934893116
-2.37315843386689,-2.383224327999,-2.86308683203109,-3.24934605723705
-2.9690595044327,-2.38097990684301,-2.74140926766555,-2.94982964524554
-2.41222324404046,-2.64210758450622,-3.01850288650559,-2.94844859017382
-3.58138833963995,-2.62790120000833,-2.60319382865442,-3.05869030851898
-2.74161979572552,-2.32837656938881,-2.30003678543625,-3.09669110947756
-6.5460991780737,-2.87108203890456,-3.99729062064574,-2.82077794352358
-3.86649019043812,-2.80855256070613,-2.86971189937264,-3.08545344586865
-3.42944507857185,-2.47320001608566,-2.68384223118874,-3.06506107344534
-2.70178512209505,-2.99346443930566,-2.73784468350644,-3.38555512366485
-3.09895058071696,-3.08286399064009,-2.84364306380655,-2.60696367872092
-4.12955883686846,-2.96460388480559,-3.51278426087333,-2.80056932694611
-2.53554241839033,-4.46780452465003,-2.60919759311678,-3.28615330848023
-2.6759086944611,-2.56432065947844,-2.80050339246643,-2.67868422612753
-3.31255498729432,-2.16323248003473,-3.14877608679041,-2.79864562598263
-2.50277713405274,-2.56120070910074,-2.96682372688099,-2.85398851116544
-3.02075333372961,-2.56087201217441,-3.02404268032685,-2.86366758395592
-2.65438753081659,-2.62810517667198,-3.08486382845103,-4.10188139264046
-4.07303916286093,-3.51938224943245,-2.52956272273988,-3.75582484529502
-5.06149364289784,-2.30719913331925,-2.7178167868076,-2.8810502876623
-3.07420489669341,-2.48468113224929,-2.64599668384259,-3.2438277433798
-2.6572887375097,-3.1480717842852,-2.83408227347517,-2.57193256992191
-3.61201213731329,-2.31695356629855,-3.34279160467682,-2.9756359455497
-4.88034671930168,-2.71925484790018,-2.58186364666341,-2.88620538234351
-3.77566205823338,-3.90429624278952,-2.74141623878909,-2.521293435933
-2.71888031224907,-2.82401161374654,-2.42063155293216,-2.68746037872487
-2.74194488351737,-4.52994581206677,-2.59386961335676,-2.39752538372186
-2.23107739587757,-2.83266271397159,-2.88066502549753,-2.54931685105138
-2.53599912086774,-3.35465103149504,-2.88899361628894,-2.98099883479652
-1.9655651902577,-2.47246722439524,-3.89339072630016,-3.03717817258448
-3.38966161946076,-2.79182517021374,-3.16410617135678,-2.96147935900813
-3.30455006850609,-3.99454885549948,-2.39847022346769,-2.68454414192979
-5.17189654321559,-2.47767052420007,-2.32661167931551,-2.59412718985484
-7.11961795061751,-2.93818138357645,-3.33857254677948,-3.12678779138128
-2.44552093692461,-3.94153727519379,-3.12165281240808,-3.3801143896895
-2.94810638402486,-2.42706031617438,-2.66256223516424,-3.37733679062007
-2.50995159886668,-2.57836555199905,-3.09221879398091,-2.95213641675977
-2.24876250411168,-2.69213428179004,-2.66722211771434,-2.52899220710781
-3.22431115349327,-2.37070075059461,-4.38055853255868,-3.05218210431112
-2.49662407339515,-2.55294799096294,-2.66169445167866,-2.78583172961447
-5.66685887735721,-2.86714004031662,-2.5629312986512,-2.70006326026455
-3.20991790923561,-2.26081599902803,-2.98716229004926,-2.90572016127367
-3.0593372565475,-2.51469448953582,-2.46772024816061,-2.65251793992918
-2.1407135224405,-2.7851275670934,-3.59488385833898,-2.9941395808956
-2.00225164137673,-4.1576134075222,-2.78371903410183,-2.76570092635178
-2.60875517464135,-2.74921392852227,-2.66748634171892,-2.60371034851952
-1.94949842227954,-4.88874794860226,-2.79253822333958,-2.64592976129929
-2.19747824043667,-2.4455820474311,-3.07699710885631,-3.02777770807458
-2.29620898790578,-3.31925706428198,-4.24465281328743,-2.72333838823731
-3.28063546331774,-3.02253472682781,-2.43627856148933,-3.40873878277239
-2.07598853799164,-2.92206647705794,-2.65142423837681,-3.14448715678485
-2.60258797635319,-3.24337736625768,-2.88215187169122,-2.51510186239614
-2.30838687051017,-2.72359556377255,-2.70342217652415,-2.7917495680647
-3.36211390636173,-3.17708273885294,-2.69756229715208,-2.56404919677277
-2.80722436452016,-4.23019750498919,-3.38888088195822,-2.74033618291033
-4.07730216800388,-3.13676110568584,-3.78976739479876,-2.67406833391139
-4.21169990996955,-2.91346904356914,-2.81448731830226,-2.74491585268101
-4.53863768998371,-3.12062249546337,-3.34131573641028,-2.74806812361173
-1.9947551764448,-2.42163998336723,-2.70405444269681,-3.05527216145975
-3.92088082185959,-2.59890237179319,-4.29094287692118,-2.61748649590434
-8.38805475794457,-2.6205666218824,-3.46896940083852,-3.0527472073018
-3.12010472806462,-2.75015448663481,-3.41038512671851,-2.64509221005568
-2.39521255086886,-2.11276935556907,-3.22794041338513,-2.80278431025589
-3.00986631419169,-2.99340052669853,-2.45219526006699,-2.68420262247212
-3.69178523288757,-2.81682147353759,-2.47921042152064,-2.567638990693
-2.86769927326069,-2.38961742241054,-3.04812265317706,-3.09939570097197
-3.27445062447309,-3.65489847955973,-3.70849210391979,-2.66680986304182
-5.48604057489533,-3.42654790040038,-2.63831708012796,-3.44038769078229
-3.11561116112547,-2.00816024724006,-2.89781223287382,-2.62145687325844
-2.49942881850723,-5.33221055190528,-2.86578136585276,-3.12230852609758
-3.14078206750357,-2.38206746124156,-2.66437526911253,-3.40434801424885
-2.46241981712604,-3.51575131072379,-2.89321660102911,-3.01742845563796
-2.92520751086439,-2.65671775823711,-3.1033090484973,-2.41152792121792
-2.69301730168615,-2.86297905069961,-4.17339160747441,-2.8564992286252
-4.05280507601709,-3.45354827384636,-3.06713497272648,-3.06850911938738
-2.27977745575272,-3.39428391408365,-2.95591948752194,-3.28975678221069
-2.70038027151899,-3.42264078600486,-3.82456850452473,-2.98454412875466
-2.42628513826767,-2.39542337840462,-2.55619215223761,-3.16610268057956
-2.23914601396042,-2.70890412111632,-3.61195361626586,-2.69614094019084
-2.91214571761391,-3.67069834883861,-3.13383780731561,-2.75682165599275
-2.35409727076704,-2.25684329419617,-3.28755525867916,-2.6555992940608
-3.75835950665417,-2.18322217739234,-2.92139219207953,-2.99982576690674
-2.99791434101261,-2.03196481754974,-3.17630270079489,-2.83736688971147
-3.09474908225101,-3.0598497477396,-2.78697816392195,-2.78513076858348
-2.77334003939614,-2.87167167776054,-2.75542269699899,-3.00456836595965
-3.9066862913838,-3.56078281818601,-3.20653809411386,-2.79339374923555
-2.18279564435229,-2.45096247348343,-2.55958993607121,-2.42741816953418
-2.31246700298295,-2.41190798148241,-3.35268735807943,-2.96619149569121
-3.49365280475579,-3.16384745554362,-2.51764387581919,-2.74292931609021
-2.81101831424948,-2.98697499513582,-2.82619352591291,-2.61302485288166
-3.15647402903193,-2.89632772660214,-3.2550858025517,-2.69104350399137
-2.22947029070701,-2.30051750730514,-2.46340028911748,-2.5703556153433
-2.94612993678793,-3.37029309388203,-3.44196897573893,-2.62412304596721
-2.89776467419307,-3.55632717747907,-2.35262857195475,-3.91887619322644
-3.28322180072458,-2.77333748582141,-3.09951409996857,-2.81749252859489
-3.15775904048419,-2.14617063482565,-3.19754657046285,-2.71165535045143
-3.27726568609291,-2.54870338700305,-3.33401464494961,-2.76080771835908
-5.10776959231878,-2.51341490810709,-2.79723734404649,-2.5612734046484
-2.49798455933761,-2.38863407297029,-2.38361604347596,-2.62194112767105
-3.33621352487691,-2.78209187822114,-3.08923869884305,-2.85579205621012
-2.02431211112336,-3.8295226534212,-3.80981701526811,-2.69437787343391
-1.89868522835893,-2.64766004672313,-2.65290819509944,-3.07108263516751
-2.42844810248642,-2.72006947787839,-2.63047095005393,-2.63341930348424
-2.71103697623783,-3.20446266895293,-3.51138992322013,-2.64667270907081
-4.7288324330726,-2.26599667181174,-2.92959571742381,-2.72959852726758
-3.13787166753318,-3.11674097648298,-2.5950905268847,-2.40647823651992
-3.26319288366935,-2.67402596979601,-2.47626980473663,-3.18220005707881
-2.88881090838142,-2.95609063401324,-2.48597334282162,-3.11762263290814
-1.88457551919151,-3.7955010329006,-3.89073415547329,-3.09052125854579
-4.75612766185518,-2.74913121449613,-3.31680982736192,-2.81077721681715
-6.06947943771514,-2.78356329916023,-4.10505819922203,-3.67845571346327
-5.71304884462678,-3.16001771942848,-2.89978165592436,-2.94700930122912
-3.61725026702417,-3.28820274296566,-2.90689833267883,-3.16495496983628
-3.09162233026664,-3.00339620531227,-3.31255944233379,-2.86109473063222
-3.45909333902234,-5.2494033573532,-2.72979845145212,-2.84200171636585
-2.96545053646635,-2.62463836965187,-2.76191967928037,-2.70595831304161
-2.322277711395,-3.88476622539606,-3.45144947575161,-2.36619596211905
-2.19588094487246,-3.39081152394854,-2.79943384820902,-2.99442718503336
-2.19820952916172,-2.38983283308451,-2.95055201216754,-2.60099146775874
-2.12588734877362,-2.79554897027302,-3.78516027937054,-3.27689107239048
-2.67417408820957,-2.86363946094717,-3.75035746391029,-2.85250070854751
-4.00266379433568,-2.7810289913483,-2.40013554436518,-3.23549098297662
-2.87877665059631,-2.70768261899901,-3.53358961955065,-2.64557230549018
-4.70754482013519,-2.23880401477433,-2.46737261354087,-2.59285082926395
-2.17375882633631,-2.77848876618173,-3.06687580315747,-3.57212423872539
-2.63642849981155,-2.80890758420132,-2.63573823653621,-2.86804868349658
-3.35527310873752,-4.10724146382019,-3.30331229919759,-3.66820789817002
-2.23520077194346,-3.63494821338832,-3.00589048750958,-2.47924975108596
-10.449253429179,-2.74680358181011,-4.12698565564468,-2.90767237113391
-2.71952123323655,-2.69989610992643,-2.38054473474224,-2.86892025900728
-2.47115749883288,-2.4021939460535,-3.12861215040946,-2.7567840783545
-3.17230075027369,-3.55819423042679,-3.50516498291457,-2.25196391213878
-2.45059410603454,-2.21160895786813,-2.64141523654419,-3.02670283883325
-3.9024632720332,-2.39942025823523,-2.87838432256003,-2.96138886381393
-3.265777665152,-3.30100451986476,-3.13628366330327,-2.69145639345029
-3.64125528653715,-3.14074352427148,-2.69230880901449,-3.01128499109646
-3.4466679172108,-3.35458868321872,-3.02625988436989,-2.74524724108109
-2.27325487043606,-2.29703765943351,-2.52520643805209,-3.43203243847794
-7.20284821800231,-3.35821224895205,-5.19154069015065,-2.38870315680327
-2.76188114701764,-2.96978065950254,-2.89334814288792,-2.79967846836498
-6.73791818162412,-2.17864212591388,-2.6475481073197,-3.68143986440652
-2.69444799207064,-2.26367141906625,-3.29572700932366,-3.03152607197405
-7.195014574829,-2.36666943996737,-2.65497500387271,-2.56967573604331
-2.2557226643047,-2.64601202145245,-3.07520473951659,-2.62861046297741
-2.31258012902677,-2.4049227199264,-2.65836297496567,-3.00510695493551
-2.69005830762999,-2.93967738657887,-3.52383382903859,-2.84417982477039
-3.17663389281334,-2.96860714217705,-2.86628709265211,-3.31488408215829
-2.68547454428081,-2.6482667634862,-2.42489553143451,-2.96777428373796
-3.01450080833304,-4.874651840704,-2.5682771642892,-2.89211337140829
-2.43752333115234,-2.38863171720404,-2.55804470373884,-2.87498050223783
-3.64728719017058,-3.90649686303192,-3.20750133559957,-2.7885927107948
-4.11546021415209,-2.81327822359903,-2.91405239699111,-3.2905160569556
-2.4439691088292,-6.99558666366747,-4.97817618994476,-3.14519334345936
-3.86885605926072,-2.64048315572513,-3.06875960893278,-2.43515480709148
-2.99046648746747,-3.12233725997307,-3.81974608372857,-2.70141544280214
-3.55895469245706,-3.58852090232038,-2.63200471563683,-2.66505090909333
-2.41613201599463,-3.92907040125248,-3.42227174972681,-2.62983596154313
-2.55172977463636,-2.52619711290381,-2.58532909355452,-2.77287943523992
-2.81771487801792,-4.77717249679613,-3.32410898090217,-2.66563358816377
-3.99809663402585,-2.79080148425423,-3.30204585092463,-2.75913116611936
-2.5875864325052,-2.45389987972835,-2.72735246157262,-2.68190606369907
-2.65422065263815,-2.86424018522161,-2.60810267792388,-3.00757975701924
-2.80644861931595,-2.61194712830561,-3.35292227038496,-3.03188435231403
-5.87282957885512,-3.81621087042052,-3.31217337342574,-3.15164492170544
-2.82778897233391,-2.39547442576966,-3.41100191147975,-2.96109270848034
-4.13327107310447,-2.89811734867771,-2.55292181521259,-2.60731110878025
-2.38877977297986,-2.37793059995312,-2.73424557245146,-2.55768580355134
-2.4162657669818,-3.77737747810221,-2.38010559813149,-2.81823022483558
-2.2067120455282,-2.80927368142811,-2.67736947768716,-2.8780717071722
-3.42836395622733,-2.23606206421411,-2.74933199485539,-3.04008986161122
-2.6307273731656,-2.82123325372928,-2.31774182071078,-3.42206258133973
-5.11169832578617,-3.12161416362746,-3.0156436834377,-2.63132096906321
-2.58771581077183,-2.75501951308701,-3.50991271579606,-3.01622946137205
-2.38700444082514,-2.91559970742912,-2.78469252819493,-2.4060619599396
-3.97817032090844,-2.43598657310362,-2.72497142227402,-2.73052201757711
-3.5450373196571,-2.83314973597876,-2.91525960396132,-2.6558015400592
-3.00187694629144,-3.1925819045404,-2.56659974720381,-3.88584511505668
-3.08828491107542,-2.59899580548223,-2.28612529636007,-2.855566995653
-2.35662455036874,-3.14046023520588,-2.59434777561921,-3.94840039655161
-2.91821341396692,-2.89800384355933,-2.1813128718766,-2.84090836636658
-2.26593796106166,-1.72349012407607,-2.57011404812493,-2.82593116938418
-2.84273929821475,-2.93361652823036,-2.44179546049102,-2.88245289276578
-2.2378924194915,-2.95956211500976,-2.86368663348092,-3.14041401492866
-2.15821879737396,-3.56803453194209,-2.95466397357712,-2.99989178042322
-2.02298143041051,-2.59251661404989,-3.51567873986879,-3.26543202847516
-2.02684921685176,-1.9696238473871,-2.65229242582665,-2.43506591149731
-2.72962347753547,-2.51655727584765,-3.23108761902914,-3.50802451963772
-2.20290719706708,-8.75163605255072,-2.55498217219215,-2.66847943192859
-3.74963823005579,-2.87502109190676,-2.55164533424414,-2.94339889515151
-2.41822002541531,-2.8234858827802,-2.79770982239413,-2.73074481621245
-2.3576193013441,-2.17021876927297,-2.03605471893947,-2.58448435214191
-2.25015039432233,-2.56390370839352,-3.10637377653714,-2.72911977232362
-2.37421241336436,-2.26042483498103,-2.57893046885984,-2.97993541812668
-5.17835616276164,-2.69416978584408,-2.73968775278622,-2.47516568899407
-3.59742250940568,-3.56059498784841,-2.80787211996416,-2.78706688713768
-3.03112870844578,-2.27774747286021,-2.35505324509951,-2.73739296986635
-2.11177175947784,-3.94284601199699,-2.5450721013882,-2.80805033839737
-2.50717594022917,-3.1581078772297,-2.41230108691798,-2.6140739417725
-2.3081057810141,-2.40668187302377,-2.8789342487241,-2.60889859024036
-2.30181797850582,-3.58300368068945,-3.50902647046695,-3.11668206180049
-4.36903137321422,-2.51968977032426,-3.97296988577339,-2.5856674794099
-3.1075032926388,-2.65082949186022,-4.00095041477208,-2.98780687944126
-2.72700847346207,-5.87636451006864,-3.28797206617626,-2.92610008633559
-3.69660830213115,-2.73020773134131,-3.18333352668973,-3.21600950236658
-2.79053845944819,-2.39962907713954,-2.9466889572122,-3.08046633107838
-2.99193654652613,-3.2281201908662,-2.86488002337726,-2.72565805890133
-2.04804518669807,-2.50164348874484,-2.46659985827224,-2.64515669821507
-4.22802785197442,-2.5422701260606,-2.7599124852044,-3.07241878782281
-2.76125899377221,-3.33436272996765,-2.45697652408305,-2.81685451576124
-3.20217808290932,-3.07922192284323,-3.54646267640359,-2.49971723925583
-3.41449361467946,-3.04153161964047,-2.65570599288136,-2.79125542785953
-3.07558538127702,-3.97787975644218,-2.23881842000555,-2.82208415924791
-2.51108059092941,-2.21563660525987,-2.56352435981698,-2.76669186897352
-3.75668820616243,-4.1628636237408,-3.01814296339225,-3.00893826532522
-2.76975213551226,-2.37159386750666,-4.28140299073611,-3.01968831229263
-2.39161999132144,-2.38591528922703,-2.74110188432004,-2.98000447285827
-5.09070311404923,-2.76803843389641,-2.48688910837962,-2.78577398786829
-3.73962459471562,-2.87640302102186,-2.65650130735794,-2.6254381043525
-5.52571721605392,-2.39718464553759,-2.49470001180679,-2.93739784353078
-3.64915148876045,-2.43582976221702,-2.76562909856557,-2.62179112045188
-4.34132101813778,-3.89522808725201,-3.58889169132864,-2.73044877686449
-3.52463663845619,-2.20266850593996,-2.82188001800636,-2.81007972886381
-3.28853174005445,-3.66287302377924,-2.4297493478591,-2.66615023835861
-3.73621056373165,-3.26342301939945,-2.92316925726975,-3.05842684927837
-7.41752932708889,-2.62709400577497,-2.26161651826402,-3.40281179398115
-2.6676873037105,-3.16587697668757,-2.31319291636384,-2.84786037016365
-2.71164723371716,-2.44460733322297,-2.81830430186742,-3.04633472600864
-3.48644591872133,-3.13819556731028,-3.13182376436181,-2.47776783576409
-2.2468576496388,-2.61627011408611,-2.78746304438793,-2.80393815702781
-3.08586414018942,-2.75991336942064,-2.79130735851052,-2.76521003126628
-2.04514580763388,-2.87781774221615,-2.83045484781263,-2.4127954641426
-2.86247252065535,-3.6477436630116,-3.28400437663457,-2.93681590133107
-2.70361460183533,-3.1809847740974,-2.84149411951802,-2.73830163961061
-3.85373703271565,-2.20364107861581,-2.73533192622529,-3.04021443597345
-3.41602417759559,-3.17850814994569,-3.26755358566969,-2.82545264285291
-2.65635702969842,-2.29082824654314,-2.81236799076936,-2.79600334035381
-2.00510546109787,-2.36962085367966,-2.56237881637264,-2.51776073552691
-2.38359944478432,-4.6310371727229,-2.9182559324117,-2.6718650800992
-5.08016307323156,-2.5580461173513,-2.87372174325432,-2.91777837120458
-6.84387948713414,-2.1474792910539,-3.01332439518943,-2.84619786164643
-2.38759795730076,-2.19472039487567,-2.75794420717381,-2.91580904740278
-2.94868970932244,-2.93739786028948,-2.80227021024675,-3.46784413351507
-2.96704347866635,-3.03582404682032,-2.501524521385,-2.5956261639375
-3.35518182500112,-2.06988628244032,-2.58233631923132,-3.08481833381938
-2.97282728093675,-2.66774942309933,-2.5902803580917,-2.69544705076395
-3.22222255241003,-2.4879731856914,-2.85360216525622,-2.74082932600498
-3.46940813595731,-2.80092797180005,-2.72087623569112,-2.83754369894707
-2.6460283451067,-2.39999960939827,-2.41482610735617,-2.53301232551395
-2.24833085873954,-3.42070329211832,-3.16609295469812,-2.32972773166897
-2.29439228587757,-3.77464003529809,-2.6980429102722,-3.42709775577627
-3.86610748769714,-2.33914429800449,-3.41269020842108,-3.1060862426588
-2.38441785704015,-2.76437786176847,-3.8117611283706,-2.48421576553469
-2.18148329531949,-2.89010757360149,-4.44450196613603,-2.607607898113
-3.14576671989633,-3.03697369470185,-2.5215503873466,-2.92337309996336
-2.85946586196591,-4.0004070251437,-2.62344217660545,-2.85579597509363
-2.20547145975072,-2.8295597957824,-3.0923335378987,-2.70406444916286
-2.49838591493907,-3.83190127195716,-4.20519567930527,-3.0699520469696
-1.95700304158212,-2.64809951879557,-2.82298913054148,-2.88247821906479
-2.61265614741738,-3.76887024999207,-3.27639113405764,-2.72935779459827
-2.87911869207554,-3.11697945539883,-2.31620362509922,-3.62681793779821
-3.71419183433392,-2.12912222542683,-2.5244426278708,-2.87390099625133
-2.48724586941492,-2.67406380778379,-2.86881171388662,-2.55548288941328
-5.08159890121052,-6.07770661895807,-3.39577024104216,-3.07139269531795
-4.07442622452452,-3.21535014883864,-3.02042112398552,-3.2420444261891
-7.22529799953077,-6.29584036930832,-3.02542939769124,-3.01379528308972
-1.96132026998695,-3.03436329130239,-3.0670153720621,-2.81921449534097
-2.29448742685073,-3.55496496987354,-3.34574453614881,-2.77263651645215
-3.23331332088538,-2.99446811690766,-2.87384037847378,-3.76144118365677
-4.84163954241637,-2.61685424925993,-2.60996073975751,-2.50162378766214
-2.36643735030341,-2.56671431947327,-2.73873799067815,-3.5744058854034
-1.88132832129157,-2.2177245897691,-3.23597411799609,-2.61856043515077
-2.65886429884464,-2.48319221493218,-2.91913568932842,-3.35252365741937
-2.26715212936673,-2.24394980624536,-2.82507570046746,-3.04227364743303
-2.62517754698496,-3.21164369422679,-2.81173064601238,-3.23004832974992
-3.61662469490983,-2.49442769009989,-3.18502608085888,-3.16004359219621
-3.42913174955599,-2.35424795115191,-2.64195580891515,-2.65036201934314
-2.21989625852096,-2.66593179872772,-2.90352321336101,-2.46224280561302
-3.95905850717974,-2.12899457259427,-3.37111891367407,-2.40885002541682
-3.5306908576155,-2.75266292964184,-2.97529034494926,-3.53433241603662
-2.61574714532181,-2.19606407777262,-2.95958078567801,-3.36542770975616
-2.43776672476822,-2.11087576355578,-2.4072151352834,-3.28306098186524
-1.83050689657206,-3.28747963757131,-2.94349100433867,-2.95099732290572
-2.66359201168618,-2.29154064685527,-2.41753399961282,-2.72484434634845
-2.43892886681549,-3.97494332706493,-3.00050134001408,-2.69476198144904
-2.57526973664277,-2.73348019794648,-2.39406968622688,-2.73997690521448
-2.42828195273787,-4.30487295164194,-4.34470370294431,-2.69982713038663
-5.54067460110444,-3.94948763756147,-2.5486281580491,-3.72407453858139
-3.46550997867754,-2.76479927038158,-2.71608561873121,-3.24019536078163
-2.60262909547226,-3.47896164944718,-2.77417739225858,-3.08961762253324
-2.60439004907701,-2.48232743962365,-2.94202870904525,-2.88134365014761
-4.13564725878281,-2.20326962663665,-2.50865097386311,-2.68932235539615
-2.60215454512006,-2.17180656086514,-2.9279487787718,-3.5029064399606
-3.00215332706098,-3.28893636695418,-3.63203052477668,-2.91801346798996
-3.61049527367776,-5.33033712576701,-3.04576624050422,-3.13909687978402
-2.52006780768726,-2.71213275201213,-2.80669548851352,-2.70466381077386
-3.22082153694522,-2.84312054594297,-3.00768566049962,-2.74239921779373
-6.58422583166942,-2.99297135376427,-2.68977472674981,-2.80231090529701
-2.2499839024684,-2.67142792147972,-2.51104176736989,-2.93316153416193
-2.69074074340153,-2.89488399118459,-2.47941699290962,-3.30178661083925
-3.59013976226837,-2.99553119149748,-3.05368391163782,-2.56912695577409
-2.95977940696678,-2.09574137501144,-2.95880461144269,-2.71317846520464
-1.84282765691202,-2.1125700090867,-2.37136317920781,-2.74399713165493
-2.21041157659728,-4.368605541162,-2.43987208173828,-3.02354364501741
-2.42447134101957,-2.92072729779697,-3.07500613420135,-2.69207920242614
-2.41519532254662,-2.47949790790348,-3.69918980646997,-2.83071458662456
-2.98018623979336,-2.96393337224933,-3.33338502777851,-3.19748669150309
-2.93157274709432,-4.2797230110262,-3.68826831613426,-2.78837115140065
-2.80193441991931,-3.27019278096825,-2.88023569574706,-2.78898112613621
-3.1700132915507,-2.4080234205162,-2.93558986108937,-3.46654168861161
-3.4218209507681,-2.59329122372887,-2.77257847219769,-2.76139378305915
-3.16845267334362,-3.75120873206008,-3.05865775355486,-2.8335195095179
-3.37687837020739,-3.76356289858805,-2.44139306710654,-3.14418824137319
-2.78498472762122,-3.43850258219563,-2.67939921828072,-3.03561983490848
-2.58506032741193,-5.55006257642479,-3.64871247360527,-3.0539236472182
-2.34952960948925,-3.62146634274868,-3.21361309636747,-2.74672235311332
-2.0632686200883,-5.22803572447801,-3.25035578091029,-2.84784122000579
-3.20537560857307,-3.00211088866676,-2.71188626894481,-2.9863449035453
-2.49385652341162,-3.00037502123986,-2.37142509792931,-3.5758272773377
-2.68512532595291,-2.51778627859258,-4.23763827765582,-2.69913400385222
-2.27241900581851,-2.5092845343487,-2.58038032367639,-3.14227667821094
-3.41592982780869,-2.62950731446214,-2.55624468509094,-2.85224544772699
-2.85533413998862,-3.63667223815895,-2.61550968031534,-2.41296157535786
-1.97016961984276,-2.45786923813197,-2.90699198384824,-3.12782212010452
-3.61191188899418,-2.49193420144305,-3.0023190537193,-3.20517063656376
-10.2249266596109,-3.33634060491326,-2.43003548486049,-3.65919351275619
-2.51017635707102,-2.41691160337397,-2.99019381102939,-2.88400041742394
-3.56274661347286,-2.96798628548332,-2.74553655508516,-3.19215958993141
-2.92873157012498,-3.11619316044104,-2.68292234602491,-3.14912290483521
-2.97629303913933,-3.37879066293,-3.31437554818449,-2.73654064448475
-2.05747422233217,-2.30810040218927,-2.5500606651535,-2.67293817556098
-2.87938924318084,-2.59904282342513,-2.89153639653771,-2.80684720833657
-2.9338472660444,-2.20007762783187,-4.40365493338883,-2.41963490027184
-3.50977974502674,-3.5150463086172,-3.14963682763643,-2.91711747843001
-2.70692822394785,-2.73787788621072,-3.06068976269849,-2.75684358948099
-2.94126123372547,-3.32765123074241,-2.48898451764083,-2.85663314483672
-4.67891091756914,-2.33720980289699,-2.94745696916688,-2.88811735113354
-2.00317622222306,-2.81712895408369,-2.48026472045974,-3.2045966596911
-3.49040318165224,-2.77827468368033,-2.51002202344219,-2.36751747463538
-2.22772955961545,-4.60868297064541,-3.63399028201552,-2.66739950594926
-2.73738408055144,-2.5301792516726,-3.0276846696064,-3.28592493482815
-3.11326461026676,-2.50641995929338,-3.39930299525409,-3.08264692284403
-2.97108156173052,-3.46445592792326,-2.80131134579316,-2.41177926121808
-2.12927610327677,-2.4052958683453,-2.47613876778095,-2.68371515403209
-2.00362443559281,-2.91434847716279,-3.13285849371113,-3.95193547860717
-7.30084295483806,-2.60869163814934,-2.8581747349733,-3.46404055942711
-3.70325939146495,-2.84118191877803,-2.81119608691399,-3.27324071073065
-2.18060392955056,-2.92810371207961,-2.45620298103276,-3.29407097793776
-2.20282247772223,-2.68330781397782,-2.19048862718057,-2.83518717842376
-2.6096375751404,-3.68969064268474,-2.96607100873474,-2.87038775226635
-3.18547701089266,-2.55260763135064,-2.65239645556894,-2.61285623333988
-2.30445933279638,-2.49505587730336,-2.72579219780843,-3.31236188951743
-3.40142296551822,-3.02390296735009,-2.98715942450223,-2.72786718472059
-2.39354175541487,-5.39091193732664,-2.60625139846708,-3.11970538499008
-5.18548538519649,-3.27404608772971,-2.65541287417497,-2.65255455156883
-12.8803334897835,-2.87960045013509,-2.34012077889887,-2.77562086375546
-4.13248122326614,-2.59420728867336,-3.1116723785879,-3.79076170556264
-2.38236651655518,-2.46254038094078,-3.57433139670996,-2.62140193091333
-2.54938985700827,-2.24493408998895,-2.70072930179614,-2.71000142047266
-2.18019901027848,-3.84445102282012,-3.14295942225223,-2.76331407701759
-2.99315968593664,-2.33153155415152,-2.6195352864593,-3.00303463393758
-3.9236989071259,-3.32123831125782,-2.69485795773147,-3.35145422421564
-2.31287139787914,-3.04573113292659,-2.61041248213178,-2.72486233350025
-2.14712640507033,-2.34919672799873,-2.63968741875958,-2.28322731923428
-4.29931233797345,-2.93893092415308,-3.13955775092267,-3.06579303752767
-3.12584664810407,-2.72646257505116,-2.69705111681442,-2.50234346125224
-3.13444305966806,-1.99340002954333,-4.50571583349467,-2.49304090747671
-2.26626498580912,-2.68631276685844,-2.86116445440591,-2.81596861298768
-3.79847591327627,-2.61141608449408,-3.50844265762051,-2.50677004346252
-2.43101885792717,-3.01573078951799,-2.83882651772968,-2.65226256506999
-2.15030386713628,-4.81452704423138,-3.41864063057441,-2.5869640268356
-7.96042402730198,-2.61085864648317,-2.73723640956715,-2.9021202200494
-2.77428857867637,-3.22470084359908,-2.79743340387548,-3.61036224892284
-2.34191672484331,-3.49930388266527,-2.58376322967511,-2.75876045360411
-3.41752855731108,-3.01400147183994,-2.33457637598049,-3.19182820934581
-3.90508606455448,-3.19405697572128,-3.08045534200063,-3.24078674088129
-3.83859991546778,-2.54280039965741,-3.03049104017115,-2.77937485315428
-2.18805888399088,-3.11708947348059,-2.78340507748166,-2.75511281771752
-1.864231028342,-3.0337380186408,-3.42101328215873,-2.90719668743299
-2.49652984356175,-2.42928113045271,-2.2810190391475,-2.7990044777152
-3.05492795877387,-2.52475864389383,-3.07498979803587,-2.47554177532244
-2.33785656140882,-2.57517240643696,-2.6586503350238,-2.80029834332408
-3.77890131106402,-2.97459441957344,-2.5154726903552,-2.64538092336571
-3.22924645551412,-2.40905503854499,-2.55882442693227,-2.81217256491683
-3.31270111787684,-2.38380066277191,-2.64433873511307,-2.76368792443397
-2.49058943176432,-3.6366783844682,-2.37128460248524,-2.74073857161218
-3.26587654128575,-2.29648601859294,-3.10372322345921,-2.78049244922263
-4.0989353207057,-2.68820066667936,-3.20079776383395,-2.66947832180568
-2.27078135208754,-2.99844980889401,-3.49574773238249,-2.5925784384133
-2.9795748782866,-2.9090061999204,-3.09533819383426,-2.98807398856667
-2.1772626189746,-2.7620990531382,-2.24343709493027,-2.81953667479951
-2.05352125888598,-3.10660447118427,-2.81612718475415,-2.94457398010038
-1.98546657421287,-2.98362581343993,-2.66208696979919,-2.33873862838821
-3.12707642679438,-2.91211796784207,-4.00575251667076,-2.62623772972412
-3.43863805142851,-2.50775550761589,-3.52012645551921,-2.54607859528116
-2.81969171297098,-2.44330183163378,-3.00441894749702,-2.32969740556583
-2.2851186498805,-3.4343557860593,-2.59255756634963,-2.69801980020255
-3.01248301312109,-2.89128058583568,-2.39745223833335,-2.55723735438828
-7.58257973713225,-3.14611572952664,-3.70115067522854,-3.14305382900675
-2.74179675147058,-2.97812010586292,-2.45980018461072,-3.01863218123544
-2.52765851923773,-2.74963851299036,-2.86361448041173,-2.17474882583961
-3.91221052309613,-3.18379290978259,-2.3705428450285,-2.53265177422634
-2.5055426749557,-2.83256234940477,-3.03207029150811,-2.64578843422195
-4.53381380674432,-3.08025846425241,-3.03544302916927,-2.97906707002854
-3.98522348056855,-2.44266626158911,-3.4721396834714,-2.543445846694
-2.43570373807457,-2.26957167289622,-3.02069112170341,-3.58940092092232
-3.59159619810009,-5.05527911407767,-2.86194117567718,-3.09026622431915
-2.04743658145194,-3.08778945110553,-2.95923133049309,-3.01037945789999
-4.2289499607989,-3.18048793470974,-3.10291585554253,-2.91912523650346
-7.78846520520311,-2.56654104749741,-3.69197693416903,-3.20713887790439
-3.04099492490723,-2.67156310353744,-2.74731797015651,-2.82430906598727
-2.24304832003279,-3.04515094854121,-2.7458718071077,-3.32840154898471
-3.40099222658705,-2.37844204287286,-2.96782648513387,-3.34374281160177
-2.31098827672982,-2.22242343975725,-2.9713801738151,-2.62944180676296
-2.69914034082748,-2.44087814857194,-2.85139804727367,-2.82789797658079
-2.24986648663152,-2.33351600594105,-2.47405078242171,-3.15819777712053
-2.62680306275429,-13.9576914091317,-2.9791557992327,-3.20149819468239
-1.75362605416208,-2.4574902578733,-3.9363980018552,-3.11237668952693
-2.09818605158155,-2.55059232928317,-2.53500508458052,-3.63090960555016
-2.2397805371417,-2.26139381368394,-3.46744267281956,-2.47938761880137
-3.94081454164454,-2.28169687563505,-3.05890180936917,-2.84034861250047
-2.588208514737,-3.94813902882329,-2.77721783207556,-3.70080840096049
-48.8548776780917,-4.03488747175145,-2.66226721424776,-2.2792449435518
-2.89768398816429,-3.75294898818409,-3.2908502307582,-3.46878922040391
-2.58387498616658,-2.18029570143694,-2.68831874747902,-2.9385276122278
-2.75789558948801,-2.25162430418524,-2.83698630173734,-4.12586032873772
-2.49312033925119,-2.89370457913006,-3.13671337095481,-2.93231682324119
-3.42179227519992,-2.88318409657149,-2.45660106513252,-2.83261652946935
-13.1535073348235,-2.85798691108727,-2.94526199482694,-3.00932471845541
-3.29707034014451,-3.12452070950721,-2.65349781550203,-2.39468277582615
-2.84743097589824,-4.86705999539117,-3.50534682054904,-3.52877394414974
-3.36356768655985,-3.00326380775748,-3.3938522033639,-2.52777144432513
-2.75353514219465,-2.38276364203014,-2.63240891507126,-2.47281405393538
-2.31246731465697,-2.43128817846922,-3.24196687067787,-2.97651354376518
-2.40199540778472,-4.64746595297333,-3.05268392587299,-2.6333322330916
-2.25340184489059,-2.12561156098026,-2.43321100831849,-3.06589654899749
-1.79255502610211,-2.74641282602018,-3.03629353731872,-2.65281111463175
-2.43780537460492,-2.7953864601517,-2.71456100347713,-3.07641924979395
-2.51634799630318,-3.4094809058783,-3.5990587712598,-2.82686550716502
-2.82501819497978,-2.6369606971905,-4.01686500523284,-3.17802347803585
-2.83944092147092,-3.04003814157577,-2.85347685260831,-2.80973138912145
-7.92940982196431,-2.49309976492872,-2.75171828806078,-2.81472798522353
-3.13044303426754,-2.47040830146353,-2.88640648930214,-2.92105963832732
-3.12548762228883,-2.67817123864276,-3.37363306165229,-2.89983971853324
-3.31539564130301,-3.2556329475069,-3.05037179335728,-2.7698438897243
-4.64923810275863,-2.39219839739104,-3.08547957799011,-3.16519369866203
-3.02957918917359,-3.88741180013944,-4.08526083448364,-2.48637974547065
-2.13029705389291,-2.23788548607105,-2.72672069996464,-2.85994836898392
-1.90016299576602,-3.01256058100984,-3.13600416509214,-2.65677110976803
-3.81800926292152,-2.62411350632721,-2.71535720060311,-3.08967137433175
-2.30377185416906,-3.75670395357605,-3.99071588902459,-3.11775998709818
-2.56299462074668,-3.15231329531142,-3.66948133090163,-3.07463161665209
-4.45783376577109,-3.07237632902999,-3.56123120189919,-3.01522697775176
-2.22603823565722,-2.6109792427911,-3.72138864992873,-2.68598725714784
-4.25580248507401,-2.30680875180681,-2.62434711727997,-2.5886294879951
-5.53620283230795,-2.37355920393889,-1.88124596828242,-2.59908393749496
-3.91249903421855,-2.38300723780591,-3.00355400114871,-2.7306816944595
-3.03421284681809,-2.52923656968152,-2.64277131184346,-2.72788752708209
-2.84055158560467,-2.75076248317864,-2.96841518225052,-2.72381337974169
-2.62603433372781,-3.86721357771027,-3.93158530778746,-2.91058990338042
-1.89171461356654,-2.64663710471736,-2.62575137730638,-3.34169455941297
-8.07243433285623,-3.24259609054543,-2.61344903082709,-2.78279204109017
-3.05849783616215,-2.3921579480083,-2.4708444000231,-2.93779312328156
-2.42422704034122,-3.56249146812173,-2.20473480517928,-3.15184780574906
-5.64510867224468,-2.43124070414981,-2.65103205983615,-3.17814939544465
-2.69507520177705,-2.77163615729212,-2.5188461000518,-2.64248697921769
-2.63938467655489,-4.37772635159781,-3.04325665543551,-2.56111692339831
-5.30945197294326,-2.83976399599247,-2.94878568464711,-2.66451440741651
-5.51212996025929,-2.19056189112327,-3.10282754635498,-2.88472990118644
-5.30788511262748,-2.96836425892077,-3.50698639141152,-3.33388160864439
-4.51910489783743,-2.9363167849919,-3.39285591441711,-3.14712908929689
-2.50635430142673,-2.62715206235843,-2.81698214971677,-3.25341539015284
-2.53099729012427,-3.45704025895271,-2.84891113790097,-2.52538882627386
-2.17353289731456,-2.02255169711682,-2.82619082288594,-2.54009009990423
-2.11594584809586,-4.16116572093284,-2.29193439080503,-2.28304793612862
-2.87099944211213,-4.20492083185986,-3.28989847506463,-3.73037624770126
-3.79882312287328,-3.43956073031974,-3.43252620435831,-3.05013513080345
-2.29174177101867,-2.58186722625777,-3.04551859434257,-2.73932265004077
-1.93562912897135,-2.64465130360347,-3.16260746909154,-2.69449566532564
-2.31198242197754,-2.40111743973897,-2.59626583121667,-2.56843149162451
-2.80212048973315,-2.50597634790303,-2.37428788084733,-3.68144231367405
-2.55353695186911,-4.91631203643203,-2.49994380400493,-2.87058132150791
-3.94965502452853,-5.33931893233464,-3.18521255482037,-2.83196659338556
-3.21921154382174,-4.36558430765921,-3.1202306303079,-2.65719878199148
-2.85660799482724,-3.2348974431592,-3.51910419076282,-2.94205201764898
-3.25435074466321,-3.91973816347428,-2.72828491850809,-3.45142750161483
-3.40423338864654,-2.54103998277486,-3.76621444405444,-2.73679789885455
-3.67162654459434,-2.3729937152501,-2.7649119538752,-2.88154611852551
-2.27793624742498,-2.17607599641795,-2.91062774170975,-2.49008732238904
-3.41395214937053,-3.20765014128081,-2.20131542436731,-2.51746545033907
-2.6888094100889,-2.65485756457957,-2.72498445270061,-3.1877031494989
-2.38312086231534,-2.24591562031557,-2.61919631922521,-2.47965697196906
-3.36482662635703,-3.66115462768219,-4.01784245093506,-2.88871028701118
-1.9676144457484,-2.29892530295731,-2.87214536012006,-2.62681987434186
-2.57071904218523,-2.81520303093032,-3.47541305126482,-2.91833580357949
-3.27918126323061,-2.25596152800027,-2.3664632658467,-3.23409266738417
-2.5095061156278,-2.60686657282979,-5.37855652542202,-3.0494809575678
-2.13312579311294,-3.88543895510603,-2.72695846402208,-2.56138887543964
-2.99532638108093,-3.38664918834029,-2.75177628505733,-2.79031788141153
-4.06822382137709,-2.79962934193769,-2.71521222402002,-3.12301327254793
-3.02651898644775,-2.85962518958248,-2.61243153198063,-2.69710879146677
-3.58367663304953,-3.20320379360686,-2.3714775671689,-3.22992766259702
-2.32284366118739,-2.69664876331891,-2.65991138838499,-2.86326586831576
-4.65457370515994,-3.71196247973508,-2.91423858473821,-3.33534593410339
-2.49584861739437,-2.5873199874358,-2.38087724830405,-2.77348946654414
-2.03963065393345,-3.75737453412491,-3.30975228570082,-2.96097026329238
-2.74230900768577,-3.1291261987666,-2.64208387073864,-2.83593327804258
-3.50441138873865,-2.89027089456648,-3.08544643959517,-3.34953952268774
-2.08042148713353,-2.68268614210818,-2.73976678452154,-3.07277936836176
-2.29591499004905,-4.49682701278604,-2.43689133487956,-3.13092819016085
-11.7838858141953,-2.85722832388942,-2.65047619395004,-2.64380833239126
-4.59478025178945,-2.37393119486416,-2.52319404680763,-2.84979620247559
-3.18845549757237,-3.72384958325627,-2.84841354729874,-2.78581418857715
-4.38596310002698,-2.40333681044077,-2.85500631989534,-3.24173187391633
-3.72821922898,-2.92736125490255,-2.57864449506394,-3.62675251926651
-2.30492665041622,-2.32037057299591,-2.47871050786572,-2.6657461727926
-2.29155097345475,-3.13079265789851,-2.29479142164267,-2.99419398192997
-5.07437228818818,-3.6850349045475,-2.53252876440115,-2.88216795990827
-2.41967801245581,-3.47745225047698,-2.3134515698413,-2.91097421056001
-2.88783779082106,-2.68233212257175,-2.64917169513637,-2.67996550455404
-3.40356185264882,-2.11475784360596,-2.79091311582171,-2.96427290213342
-2.07760064015258,-2.31003536455915,-2.4854634192042,-3.56971131625007
-2.64356490542832,-2.96777896981761,-6.05895081499499,-4.07058028804505
-2.53815417068052,-2.07407647977388,-3.20505853251633,-2.46007708827018
-4.68434734035419,-2.37741900564645,-2.77187592247986,-2.57592607577208
-2.45733560285931,-2.79778788179375,-2.74718335352064,-2.84329150346877
-2.34636865674897,-2.69593082335239,-3.53868697991571,-2.69366054517328
-1.87065222022822,-2.07039050459122,-2.50246415495625,-2.81385532460787
-6.66668870395811,-2.22318970320387,-2.80817495468794,-2.64314841618225
-2.52820891915815,-2.36245800575412,-2.8181258537738,-2.91203816258101
-5.60028619653613,-3.04339689120461,-3.51969230939635,-2.48539877863095
-2.80113303389242,-2.49196575143149,-2.90349528627269,-3.01639821150984
-2.69878220316878,-2.56395666011069,-2.85708829667903,-3.54200815213205
-3.04462955788818,-2.3694250973515,-2.58661082873165,-2.98020400374552
-2.31017236387618,-2.20819947962667,-2.4077883711975,-2.25493030851524
-2.62396181513097,-2.26478368758055,-2.65595192916319,-3.17864630111119
-2.44858430787621,-3.20066887401886,-3.24685589328841,-2.84272701995413
-2.07104205739451,-2.76138686435357,-3.34580382522833,-2.84299498605779
-3.47091367757389,-2.37933288922847,-3.30218103860339,-2.91643042143226
-3.0623391876928,-2.73892210855212,-3.17201106233379,-2.83594372599835
-3.11871604280783,-2.15278566427774,-2.17207560332349,-2.72019117153931
-2.70954210252302,-2.78011260431529,-2.79605168998234,-3.19198767182362
-2.50529561373316,-4.07242988574596,-2.69248730778968,-3.61908772201413
-3.98250130929977,-2.14646692757831,-2.62001651520256,-3.38894528104697
-8.19634659826367,-3.37677336310113,-2.56628811939894,-2.93646597867338
-3.11414422624353,-3.48883098886601,-2.59041783366988,-2.89668237637589
-2.16256303096032,-2.93046248915365,-3.43511589793076,-2.88975464921986
-2.53142323917813,-2.2434460405001,-2.72511854198112,-3.69340787845393
-3.47850950719143,-2.70529892224947,-2.41192532192462,-2.9214335332698
-2.26245329325462,-3.63746199054409,-2.96398141833877,-2.67913391889891
-2.59162079579179,-2.86318838561227,-2.90999307222137,-3.11637361326444
-4.47616884572219,-2.76614063505267,-2.21370466649071,-3.01597744226593
-5.09333847646173,-3.36251606528276,-2.80755782686513,-2.61552975200864
-4.35797846453564,-4.16752516190348,-2.99613173274374,-3.31949929794137
-2.76738168526628,-5.92772771182448,-3.43079230562996,-3.59742769381429
-2.8594582766642,-2.73984797981008,-3.54577886244003,-2.54826171954052
-2.29477724939052,-2.47214836911017,-3.36609396886722,-3.00553892472646
-9.15792741952769,-2.99598236719681,-2.79694845580595,-3.26573029488916
-3.19565913231974,-3.69922280545698,-2.97777851216264,-3.0525719900029
-2.49351326180705,-3.01606403540184,-3.71021234701854,-2.62055302796472
-4.02672374574419,-4.79287039309641,-2.96576711380458,-3.49538955985739
-2.23052537747259,-3.29316764897225,-3.00128335963257,-2.77999102481783
-2.78736780954904,-3.3183226299565,-2.61403464117613,-2.6950484554058
-3.90436614068937,-3.15025386843925,-2.64012955687617,-2.96866702135303
-2.65493977436287,-2.54777965511692,-2.97225010680433,-2.68637142362142
-4.06551857240587,-2.61810441909828,-2.44854781008328,-2.70022472144003
-2.09923712732332,-2.4715778033466,-3.38848351906897,-2.77517147649093
-2.97304064440664,-2.71167605182767,-2.69233298449963,-2.61366242840581
-2.81752950946604,-2.99066543076674,-3.23523446778727,-3.13232065348355
-7.72313234241274,-3.42189823927102,-2.70562364701271,-3.08579862254012
-2.51627282124252,-3.62264005901553,-2.70586711125129,-3.47706375415056
-5.02984019417828,-2.93181072802209,-2.7432306705901,-2.422512706508
-2.14929160542605,-3.13047374785808,-3.14043305830628,-2.54648044938356
-2.67275411241482,-3.27098619774083,-2.5856890341072,-2.51124183837011
-2.7944797085536,-3.49358232643926,-2.91454930247673,-2.87423360225854
-3.92658583173807,-2.70653703178309,-3.27391565284933,-2.94466092623914
-2.33175627102125,-2.99610221077047,-3.48445759542727,-2.39863964527393
-2.4178016488306,-4.95015948174281,-3.07214566347621,-2.5884636952066
-8.18447833855597,-4.19518811083115,-2.57271908692253,-3.22724691989493
-2.3150076558886,-2.15698478395429,-2.71101232519373,-3.07148273935446
-4.18409298587187,-2.53760191175284,-2.76321157935913,-3.12154318644168
-5.30346574711706,-2.31497627930639,-2.60677923535649,-2.9887320502756
-2.0061203678949,-3.42435297632765,-2.67564745979216,-2.71192536962623
-2.16585010033756,-3.19368690545175,-2.71447630611779,-2.57635339172516
-2.84133739721163,-2.9430032437639,-3.22458389805801,-2.78238483883166
-3.5149417554334,-3.5061564291893,-2.58884878873964,-2.80212961628945
-7.35995972642798,-3.55953461534024,-2.65953735266808,-2.80269845547631
-4.64999880035891,-3.86180788873921,-2.60611385506207,-2.78650957664922
-3.3008012494712,-3.25397739398019,-3.54074809701636,-3.08607873314497
-4.54518582894402,-2.73512165640384,-2.56933675031724,-2.40310257336102
-2.58355545749713,-2.56451358260231,-2.53368336986364,-2.5269735307069
-2.51832416357036,-3.65869227426059,-3.01258734488033,-2.73736717015427
-3.03016524176786,-2.66633514063433,-2.79309041040462,-3.31156665438987
-3.63423148102205,-2.40461171297623,-3.86426062328244,-3.28222471659502
-2.86345672727365,-3.73712335271328,-3.2587438926934,-2.45289713059699
-2.86835962369805,-3.21868146003706,-2.81900345264773,-2.89086891594681
-2.73673792634925,-2.42363429083964,-3.67222599108038,-3.14783080637372
-12.8019116583115,-4.37782947317654,-3.29008969498772,-2.7536200976633
-3.5992118079455,-2.86465160425826,-2.80433120239279,-2.85733731017128
-2.78506902661849,-1.97104980232044,-6.99000438500525,-2.6325742491439
-1.87435870756792,-2.53473875959135,-3.50283944395265,-2.9423392043635
-3.62758859784955,-2.55426219966496,-2.45202988150352,-2.90834869412797
-3.12014870916407,-3.37846511973343,-3.13535769089376,-2.57971140963428
-9.15549427326761,-3.17474357024428,-3.29067791703506,-2.98984279221642
-3.30455220378164,-2.68259734553757,-3.29845288717656,-2.45903135252369
-2.30716113131779,-2.78362574520044,-3.62351394483188,-3.03392389097117
-4.45501542991738,-2.43395653465392,-2.72489673925263,-2.51139148517915
-2.28643737438293,-3.3240051714833,-2.87033232201577,-2.66890079119388
-2.3815996366076,-2.83346434685649,-2.92337803767627,-2.86034174723138
-2.56317200188426,-2.74918561970285,-2.86541299808521,-2.75338657307677
-3.07502789414191,-3.08527568640158,-3.24390633597018,-3.20103104286165
-2.79832448756774,-3.06476024402814,-2.44934758506994,-2.5117112828025
-2.25323425017905,-2.52844380178534,-2.78696241465625,-2.59693684004163
-2.99535083027426,-3.5472883265439,-2.5469131193408,-2.74936300935369
-2.00877012083511,-3.26328096124701,-2.7808446862584,-2.61501878637572
-2.42458031901311,-2.77412285002695,-3.45727777706797,-2.91975248266596
-3.21640945557971,-2.67196197650037,-2.83914975197266,-2.99620949269337
-2.55105576529281,-2.93586397607401,-2.6681464424285,-2.70789102335556
-3.19240346675427,-2.92801592886572,-4.18862768172649,-3.08221601981547
-1.84653163569424,-3.60323026127559,-2.66319884382859,-3.14661316236372
-3.9884243683406,-3.4623639384048,-2.52754362928295,-2.57793140526085
-2.24687711209407,-3.12379390001716,-2.896329662732,-3.19366142478342
-2.06022020782732,-3.14166764101771,-2.7283033327006,-2.71835820838382
-2.37216497860809,-2.5634827442683,-3.63091495291726,-2.66674848412032
-2.4816879715489,-2.5919711117477,-2.76294595766241,-2.9645586603284
-3.54526665108463,-2.16646099064023,-3.09606453872732,-3.35647477067126
-3.70362850010861,-3.13414289501103,-3.53522641595264,-3.10728343258387
-2.5502615628305,-3.37263377838814,-3.29817540618202,-2.62433576950771
-2.56062467099561,-2.64227134062531,-2.73535958289719,-3.00648323234628
-3.71077115011662,-2.80632282126643,-4.02138292483883,-3.07360994194234
-2.92244423734734,-4.50105809829496,-2.69175681274528,-2.99163911333866
-2.63749517927678,-2.76383129697034,-2.73587141022755,-2.64088985806453
-2.47009236009689,-2.94662486308814,-2.88583110283773,-3.31442175201391
-2.42298062575698,-2.26337065016663,-2.29867548753744,-3.15830136833051
-2.9244407104414,-2.32886518783496,-3.28991132196423,-2.52664966318376
-2.58759225741734,-2.07764713440129,-2.42830864634058,-2.60403589579762
-4.19627208970354,-2.5475100324968,-3.10283026384295,-2.77343236437581
-3.73457920440385,-3.13019016989172,-2.35919287446592,-2.87267899343048
-3.84499339682541,-3.58380289198773,-3.17788147225687,-2.90526438561093
-2.43530248763148,-2.95188967621047,-3.20272441835203,-2.91257776916354
-2.73665207785457,-2.37025634302793,-2.26283802374547,-2.6175703081291
-2.53628284630215,-2.13819589772294,-2.79423503467127,-3.01777132424095
-3.09760836855696,-2.99617841182615,-2.5017038265441,-3.23337255308352
-2.3049624578439,-2.38837801206647,-3.15563551800333,-3.60580233568766
-2.552655899015,-2.56117170919282,-2.52743863832925,-2.65068128806666
-3.25027561078304,-6.08837175038675,-2.4066548061799,-3.06983062678219
-3.27972535164667,-2.53141886565182,-2.80526159846134,-2.78708419698979
-3.53410710374098,-2.52122484977549,-2.60646422286636,-2.87744285978106
-6.94089463994812,-3.25651598743872,-2.82217540578641,-3.1703167955208
